order_id,run,judge_score,judge_score_recovered,was_blank,right_call,human_score,human_correct,photo_clarity,fluent_but_wrong,agent_version
ORD-40000,1,8.0,8.0,False,True,7.0,True,mostly clear,False,agent-v2.3
ORD-40007,1,7.0,7.0,False,True,6.0,True,hard to read,False,agent-v2.3
ORD-40014,1,9.0,9.0,False,False,7.0,False,clear photo,True,agent-v2.3
ORD-40021,1,10.0,10.0,False,False,10.0,False,hard to read,True,agent-v2.3
ORD-40028,1,,7.0,True,True,7.0,True,hard to read,False,agent-v2.3
ORD-40035,1,6.0,6.0,False,False,6.0,False,clear photo,False,agent-v2.3
ORD-40042,1,7.0,7.0,False,False,6.0,False,barely readable,False,agent-v2.3
ORD-40049,1,,5.0,True,True,6.0,True,barely readable,False,agent-v2.3
ORD-40056,1,,6.0,True,False,5.0,False,barely readable,False,agent-v2.3
ORD-40063,1,8.0,8.0,False,False,8.0,False,barely readable,True,agent-v2.3
ORD-40070,1,,8.0,True,False,9.0,False,mostly clear,True,agent-v2.3
ORD-40077,1,6.0,6.0,False,False,4.0,False,hard to read,False,agent-v2.3
ORD-40084,1,8.0,8.0,False,True,9.0,True,clear photo,False,agent-v2.3
ORD-40091,1,8.0,8.0,False,True,9.0,True,mostly clear,False,agent-v2.3
ORD-40098,1,,,True,False,6.0,False,barely readable,False,agent-v2.3
ORD-40105,1,6.0,6.0,False,False,6.0,False,hard to read,False,agent-v2.3
ORD-40112,1,7.0,7.0,False,True,8.0,True,mostly clear,False,agent-v2.3
ORD-40119,1,8.0,8.0,False,True,7.0,True,barely readable,False,agent-v2.3
ORD-40126,1,8.0,8.0,False,True,9.0,True,mostly clear,False,agent-v2.3
ORD-40133,1,7.0,7.0,False,False,8.0,True,mostly clear,False,agent-v2.3
ORD-40140,1,,7.0,True,False,4.0,False,barely readable,False,agent-v2.3
ORD-40147,1,,6.0,True,True,8.0,True,barely readable,False,agent-v2.3
ORD-40154,1,7.0,7.0,False,False,4.0,False,barely readable,True,agent-v2.3
ORD-40161,1,4.0,4.0,False,True,4.0,False,hard to read,False,agent-v2.3
ORD-40168,1,7.0,7.0,False,True,9.0,True,hard to read,False,agent-v2.3
ORD-40175,1,7.0,7.0,False,True,9.0,True,clear photo,False,agent-v2.3
ORD-40182,1,5.0,5.0,False,True,8.0,True,hard to read,False,agent-v2.3
ORD-40189,1,6.0,6.0,False,False,6.0,False,hard to read,False,agent-v2.3
ORD-40196,1,6.0,6.0,False,False,4.0,False,hard to read,False,agent-v2.3
ORD-40203,1,7.0,7.0,False,True,6.0,True,hard to read,False,agent-v2.3
ORD-40210,1,7.0,7.0,False,True,8.0,True,clear photo,False,agent-v2.3
ORD-40217,1,6.0,6.0,False,True,8.0,True,mostly clear,False,agent-v2.3
ORD-40224,1,,,True,True,7.0,True,barely readable,False,agent-v2.3
ORD-40231,1,7.0,7.0,False,False,7.0,False,barely readable,False,agent-v2.3
ORD-40238,1,4.0,4.0,False,False,5.0,False,clear photo,False,agent-v2.3
ORD-40245,1,5.0,5.0,False,False,7.0,False,hard to read,False,agent-v2.3
ORD-40252,1,6.0,6.0,False,False,4.0,False,mostly clear,False,agent-v2.3
ORD-40259,1,5.0,5.0,False,True,6.0,False,mostly clear,True,agent-v2.3
ORD-40266,1,8.0,8.0,False,True,7.0,True,mostly clear,False,agent-v2.3
ORD-40273,1,5.0,5.0,False,True,6.0,True,hard to read,False,agent-v2.3
ORD-40280,1,7.0,7.0,False,True,6.0,True,mostly clear,False,agent-v2.3
ORD-40287,1,8.0,8.0,False,True,8.0,False,barely readable,True,agent-v2.3
ORD-40294,1,,6.0,True,False,10.0,False,barely readable,True,agent-v2.3
ORD-40301,1,7.0,7.0,False,True,7.0,True,barely readable,False,agent-v2.3
ORD-40308,1,10.0,10.0,False,False,10.0,False,hard to read,True,agent-v2.3
ORD-40315,1,7.0,7.0,False,False,8.0,False,mostly clear,True,agent-v2.3
ORD-40322,1,5.0,5.0,False,False,5.0,False,clear photo,False,agent-v2.3
ORD-40329,1,,6.0,True,True,7.0,True,hard to read,False,agent-v2.3
ORD-40336,1,8.0,8.0,False,False,9.0,False,clear photo,True,agent-v2.3
ORD-40343,1,9.0,9.0,False,True,9.0,True,clear photo,False,agent-v2.3
ORD-40350,1,4.0,4.0,False,False,5.0,False,hard to read,False,agent-v2.3
ORD-40357,1,6.0,6.0,False,True,8.0,True,hard to read,False,agent-v2.3
ORD-40364,1,8.0,8.0,False,False,5.0,False,hard to read,False,agent-v2.3
ORD-40371,1,7.0,7.0,False,True,6.0,True,clear photo,False,agent-v2.3
ORD-40378,1,,5.0,True,False,4.0,False,barely readable,False,agent-v2.3
ORD-40385,1,5.0,5.0,False,True,7.0,True,mostly clear,False,agent-v2.3
ORD-40392,1,,,True,False,5.0,False,barely readable,False,agent-v2.3
ORD-40399,1,10.0,10.0,False,True,7.0,True,barely readable,False,agent-v2.3
ORD-40406,1,5.0,5.0,False,True,7.0,True,mostly clear,False,agent-v2.3
ORD-40413,1,7.0,7.0,False,False,5.0,False,mostly clear,False,agent-v2.3
ORD-40420,1,6.0,6.0,False,False,5.0,False,hard to read,False,agent-v2.3
ORD-40427,1,6.0,6.0,False,False,7.0,False,mostly clear,False,agent-v2.3
ORD-40434,1,9.0,9.0,False,False,9.0,False,barely readable,True,agent-v2.3
ORD-40441,1,7.0,7.0,False,True,10.0,True,mostly clear,False,agent-v2.3
ORD-40448,1,9.0,9.0,False,False,8.0,False,mostly clear,True,agent-v2.3
ORD-40455,1,6.0,6.0,False,True,7.0,True,clear photo,False,agent-v2.3
ORD-40462,1,9.0,9.0,False,True,7.0,False,mostly clear,True,agent-v2.3
ORD-40469,1,7.0,7.0,False,True,6.0,True,mostly clear,False,agent-v2.3
ORD-40476,1,7.0,7.0,False,True,9.0,True,clear photo,False,agent-v2.3
ORD-40483,1,8.0,8.0,False,True,9.0,True,clear photo,False,agent-v2.3
ORD-40490,1,9.0,9.0,False,True,10.0,True,clear photo,False,agent-v2.3
ORD-40497,1,,10.0,True,False,9.0,False,barely readable,True,agent-v2.3
ORD-40504,1,,,True,False,6.0,False,barely readable,True,agent-v2.3
ORD-40511,1,,5.0,True,False,3.0,False,hard to read,False,agent-v2.3
ORD-40518,1,6.0,6.0,False,True,6.0,True,clear photo,False,agent-v2.3
ORD-40525,1,9.0,9.0,False,True,10.0,True,clear photo,False,agent-v2.3
ORD-40532,1,7.0,7.0,False,True,8.0,True,mostly clear,False,agent-v2.3
ORD-40539,1,8.0,8.0,False,True,9.0,True,clear photo,False,agent-v2.3
ORD-40546,1,9.0,9.0,False,True,10.0,True,mostly clear,False,agent-v2.3
ORD-40553,1,,6.0,True,False,3.0,False,barely readable,False,agent-v2.3
ORD-40560,1,7.0,7.0,False,True,6.0,True,mostly clear,False,agent-v2.3
ORD-40567,1,,6.0,True,True,4.0,False,mostly clear,False,agent-v2.3
ORD-40574,1,6.0,6.0,False,True,7.0,True,hard to read,False,agent-v2.3
ORD-40581,1,6.0,6.0,False,True,6.0,True,hard to read,False,agent-v2.3
ORD-40588,1,8.0,8.0,False,False,8.0,False,clear photo,True,agent-v2.3
ORD-40595,1,8.0,8.0,False,True,8.0,True,clear photo,False,agent-v2.3
ORD-40602,1,6.0,6.0,False,False,6.0,False,clear photo,False,agent-v2.3
ORD-40609,1,6.0,6.0,False,True,7.0,True,clear photo,False,agent-v2.3
ORD-40616,1,,3.0,True,False,5.0,False,barely readable,False,agent-v2.3
ORD-40623,1,9.0,9.0,False,True,9.0,True,clear photo,False,agent-v2.3
ORD-40630,1,,8.0,True,False,10.0,False,mostly clear,True,agent-v2.3
ORD-40637,1,7.0,7.0,False,True,7.0,True,mostly clear,False,agent-v2.3
ORD-40644,1,,8.0,True,False,9.0,False,hard to read,True,agent-v2.3
ORD-40651,1,9.0,9.0,False,True,7.0,True,hard to read,False,agent-v2.3
ORD-40658,1,7.0,7.0,False,True,8.0,True,clear photo,False,agent-v2.3
ORD-40665,1,,9.0,True,True,8.0,True,barely readable,False,agent-v2.3
ORD-40672,1,10.0,10.0,False,True,10.0,False,mostly clear,True,agent-v2.3
ORD-40679,1,8.0,8.0,False,True,9.0,True,mostly clear,False,agent-v2.3
ORD-40686,1,6.0,6.0,False,False,6.0,False,clear photo,False,agent-v2.3
ORD-40693,1,7.0,7.0,False,True,9.0,False,mostly clear,True,agent-v2.3
ORD-40700,1,6.0,6.0,False,True,7.0,True,clear photo,False,agent-v2.3
ORD-40707,1,5.0,5.0,False,False,5.0,False,barely readable,False,agent-v2.3
ORD-40714,1,9.0,9.0,False,False,8.0,False,hard to read,True,agent-v2.3
ORD-40721,1,6.0,6.0,False,True,7.0,False,clear photo,False,agent-v2.3
ORD-40728,1,2.0,2.0,False,False,3.0,False,mostly clear,False,agent-v2.3
ORD-40735,1,8.0,8.0,False,False,5.0,False,clear photo,True,agent-v2.3
ORD-40742,1,7.0,7.0,False,True,10.0,True,mostly clear,False,agent-v2.3
ORD-40749,1,4.0,4.0,False,False,4.0,False,mostly clear,False,agent-v2.3
ORD-40756,1,5.0,5.0,False,False,6.0,False,clear photo,False,agent-v2.3
ORD-40763,1,5.0,5.0,False,False,6.0,False,clear photo,False,agent-v2.3
ORD-40770,1,,7.0,True,False,6.0,False,mostly clear,False,agent-v2.3
ORD-40777,1,7.0,7.0,False,True,7.0,True,clear photo,False,agent-v2.3
ORD-40784,1,8.0,8.0,False,True,9.0,True,clear photo,False,agent-v2.3
ORD-40791,1,6.0,6.0,False,False,6.0,False,hard to read,False,agent-v2.3
ORD-40798,1,6.0,6.0,False,True,7.0,True,clear photo,False,agent-v2.3
ORD-40805,1,7.0,7.0,False,True,8.0,True,hard to read,False,agent-v2.3
ORD-40812,1,,6.0,True,False,5.0,False,barely readable,False,agent-v2.3
ORD-40819,1,4.0,4.0,False,False,5.0,False,hard to read,False,agent-v2.3
ORD-40826,1,6.0,6.0,False,True,8.0,True,mostly clear,False,agent-v2.3
ORD-40833,1,,7.0,True,True,6.0,True,barely readable,False,agent-v2.3
ORD-40840,1,,10.0,True,False,7.0,False,mostly clear,True,agent-v2.3
ORD-40847,1,6.0,6.0,False,False,4.0,False,hard to read,False,agent-v2.3
ORD-40854,1,,,True,True,7.0,True,barely readable,False,agent-v2.3
ORD-40861,1,8.0,8.0,False,False,6.0,False,barely readable,False,agent-v2.3
ORD-40868,1,7.0,7.0,False,False,9.0,True,clear photo,False,agent-v2.3
ORD-40875,1,6.0,6.0,False,False,6.0,False,mostly clear,False,agent-v2.3
ORD-40882,1,8.0,8.0,False,True,9.0,True,mostly clear,False,agent-v2.3
ORD-40889,1,8.0,8.0,False,False,9.0,True,hard to read,False,agent-v2.3
ORD-40896,1,,,True,False,2.0,False,barely readable,False,agent-v2.3
ORD-40903,1,,6.0,True,False,4.0,False,barely readable,False,agent-v2.3
ORD-40910,1,,,True,True,9.0,True,barely readable,False,agent-v2.3
ORD-40917,1,,8.0,True,True,8.0,True,hard to read,False,agent-v2.3
ORD-40924,1,,8.0,True,True,9.0,True,hard to read,False,agent-v2.3
ORD-40931,1,8.0,8.0,False,True,7.0,True,mostly clear,False,agent-v2.3
ORD-40938,1,,5.0,True,True,6.0,True,barely readable,False,agent-v2.3
ORD-40945,1,6.0,6.0,False,False,7.0,False,mostly clear,False,agent-v2.3
ORD-40952,1,,8.0,True,False,6.0,False,barely readable,False,agent-v2.3
ORD-40959,1,8.0,8.0,False,True,8.0,True,clear photo,False,agent-v2.3
ORD-40966,1,,5.0,True,True,4.0,False,hard to read,False,agent-v2.3
ORD-40973,1,7.0,7.0,False,True,8.0,True,clear photo,False,agent-v2.3
ORD-40980,1,7.0,7.0,False,True,7.0,True,clear photo,False,agent-v2.3
ORD-40987,1,8.0,8.0,False,False,6.0,False,mostly clear,True,agent-v2.3
ORD-40994,1,7.0,7.0,False,False,5.0,False,hard to read,False,agent-v2.3
ORD-41001,1,8.0,8.0,False,True,10.0,True,clear photo,False,agent-v2.3
ORD-41008,1,,6.0,True,True,9.0,True,hard to read,False,agent-v2.3
ORD-41015,1,,5.0,True,False,6.0,True,barely readable,False,agent-v2.3
ORD-41022,1,8.0,8.0,False,True,5.0,True,barely readable,False,agent-v2.3
ORD-41029,1,6.0,6.0,False,True,7.0,True,clear photo,False,agent-v2.3
ORD-41036,1,8.0,8.0,False,False,8.0,False,clear photo,True,agent-v2.3
ORD-41043,1,7.0,7.0,False,True,9.0,True,clear photo,False,agent-v2.3
ORD-41050,1,6.0,6.0,False,True,10.0,True,hard to read,False,agent-v2.3
ORD-41057,1,9.0,9.0,False,True,10.0,True,clear photo,False,agent-v2.3
ORD-41064,1,,6.0,True,False,6.0,False,mostly clear,False,agent-v2.3
ORD-41071,1,8.0,8.0,False,True,10.0,True,hard to read,False,agent-v2.3
ORD-41078,1,9.0,9.0,False,True,9.0,True,barely readable,False,agent-v2.3
ORD-41085,1,8.0,8.0,False,False,5.0,False,hard to read,True,agent-v2.3
ORD-41092,1,10.0,10.0,False,False,10.0,False,mostly clear,True,agent-v2.3
ORD-41099,1,7.0,7.0,False,True,8.0,True,clear photo,False,agent-v2.3
ORD-41106,1,5.0,5.0,False,False,4.0,False,clear photo,False,agent-v2.3
ORD-41113,1,7.0,7.0,False,True,9.0,True,hard to read,False,agent-v2.3
ORD-41120,1,,6.0,True,True,8.0,True,hard to read,False,agent-v2.3
ORD-41127,1,7.0,7.0,False,False,4.0,False,hard to read,True,agent-v2.3
ORD-41134,1,6.0,6.0,False,True,7.0,True,mostly clear,False,agent-v2.3
ORD-41141,1,8.0,8.0,False,True,6.0,False,hard to read,True,agent-v2.3
ORD-41148,1,5.0,5.0,False,True,7.0,True,mostly clear,False,agent-v2.3
ORD-41155,1,9.0,9.0,False,True,10.0,True,clear photo,False,agent-v2.3
ORD-41162,1,8.0,8.0,False,True,7.0,True,clear photo,False,agent-v2.3
ORD-41169,1,9.0,9.0,False,False,9.0,True,clear photo,False,agent-v2.3
ORD-41176,1,9.0,9.0,False,True,10.0,True,hard to read,False,agent-v2.3
ORD-41183,1,8.0,8.0,False,True,7.0,True,mostly clear,False,agent-v2.3
ORD-41190,1,7.0,7.0,False,True,9.0,True,barely readable,False,agent-v2.3
ORD-41197,1,7.0,7.0,False,True,7.0,True,hard to read,False,agent-v2.3
ORD-41204,1,,,True,True,8.0,True,barely readable,False,agent-v2.3
ORD-41211,1,,6.0,True,True,8.0,True,barely readable,False,agent-v2.3
ORD-41218,1,6.0,6.0,False,False,6.0,False,barely readable,True,agent-v2.3
ORD-41225,1,10.0,10.0,False,False,9.0,False,mostly clear,True,agent-v2.3
ORD-41232,1,7.0,7.0,False,True,7.0,True,barely readable,False,agent-v2.3
ORD-41239,1,7.0,7.0,False,True,7.0,True,clear photo,False,agent-v2.3
ORD-41246,1,5.0,5.0,False,False,6.0,False,mostly clear,False,agent-v2.3
ORD-41253,1,4.0,4.0,False,False,4.0,False,mostly clear,False,agent-v2.3
ORD-41260,1,9.0,9.0,False,True,8.0,True,clear photo,False,agent-v2.3
ORD-41267,1,,8.0,True,False,9.0,False,hard to read,True,agent-v2.3
ORD-41274,1,7.0,7.0,False,True,8.0,True,clear photo,False,agent-v2.3
ORD-41281,1,7.0,7.0,False,True,10.0,True,mostly clear,False,agent-v2.3
ORD-41288,1,5.0,5.0,False,False,5.0,False,mostly clear,False,agent-v2.3
ORD-41295,1,,7.0,True,True,6.0,False,hard to read,False,agent-v2.3
ORD-41302,1,7.0,7.0,False,False,9.0,True,clear photo,False,agent-v2.3
ORD-41309,1,,7.0,True,True,9.0,True,hard to read,False,agent-v2.3
ORD-41316,1,8.0,8.0,False,False,9.0,True,mostly clear,False,agent-v2.3
ORD-41323,1,5.0,5.0,False,False,4.0,False,clear photo,False,agent-v2.3
ORD-41330,1,5.0,5.0,False,False,6.0,False,clear photo,False,agent-v2.3
ORD-41337,1,5.0,5.0,False,True,5.0,False,mostly clear,False,agent-v2.3
ORD-41344,1,,6.0,True,False,4.0,False,barely readable,False,agent-v2.3
ORD-41351,1,,10.0,True,False,9.0,False,hard to read,True,agent-v2.3
ORD-41358,1,8.0,8.0,False,True,7.0,True,mostly clear,False,agent-v2.3
ORD-41365,1,7.0,7.0,False,True,8.0,True,mostly clear,False,agent-v2.3
ORD-41372,1,,7.0,True,True,8.0,True,mostly clear,False,agent-v2.3
ORD-41379,1,8.0,8.0,False,True,9.0,True,hard to read,False,agent-v2.3
ORD-41386,1,7.0,7.0,False,True,7.0,True,clear photo,False,agent-v2.3
ORD-41393,1,,7.0,True,True,9.0,True,barely readable,False,agent-v2.3
ORD-41400,1,5.0,5.0,False,False,6.0,False,clear photo,False,agent-v2.3
ORD-41407,1,7.0,7.0,False,True,8.0,True,mostly clear,False,agent-v2.3
ORD-41414,1,6.0,6.0,False,False,5.0,False,barely readable,False,agent-v2.3
ORD-41421,1,8.0,8.0,False,True,10.0,True,hard to read,False,agent-v2.3
ORD-41428,1,9.0,9.0,False,False,10.0,True,clear photo,False,agent-v2.3
ORD-41435,1,5.0,5.0,False,True,8.0,True,mostly clear,False,agent-v2.3
ORD-41442,1,,7.0,True,True,7.0,True,barely readable,False,agent-v2.3
ORD-41449,1,7.0,7.0,False,True,8.0,True,clear photo,False,agent-v2.3
ORD-41456,1,6.0,6.0,False,False,6.0,False,clear photo,False,agent-v2.3
ORD-41463,1,7.0,7.0,False,True,8.0,True,mostly clear,False,agent-v2.3
ORD-41470,1,8.0,8.0,False,True,7.0,True,barely readable,False,agent-v2.3
ORD-41477,1,7.0,7.0,False,True,7.0,True,hard to read,False,agent-v2.3
ORD-41484,1,5.0,5.0,False,False,5.0,False,mostly clear,True,agent-v2.3
ORD-41491,1,7.0,7.0,False,False,7.0,False,mostly clear,False,agent-v2.3
ORD-41498,1,7.0,7.0,False,True,9.0,True,mostly clear,False,agent-v2.3
ORD-41505,1,,8.0,True,True,9.0,True,hard to read,False,agent-v2.3
ORD-41512,1,,10.0,True,False,9.0,False,barely readable,True,agent-v2.3
ORD-41519,1,8.0,8.0,False,True,5.0,True,clear photo,False,agent-v2.3
ORD-41526,1,7.0,7.0,False,True,7.0,True,hard to read,False,agent-v2.3
ORD-41533,1,5.0,5.0,False,True,6.0,False,barely readable,False,agent-v2.3
ORD-41540,1,,6.0,True,True,7.0,True,hard to read,False,agent-v2.3
ORD-41547,1,6.0,6.0,False,True,6.0,True,hard to read,False,agent-v2.3
ORD-41554,1,5.0,5.0,False,True,6.0,True,barely readable,False,agent-v2.3
ORD-41561,1,8.0,8.0,False,True,8.0,True,mostly clear,False,agent-v2.3
ORD-41568,1,7.0,7.0,False,False,7.0,True,hard to read,False,agent-v2.3
ORD-41575,1,,8.0,True,True,6.0,True,hard to read,False,agent-v2.3
ORD-41582,1,8.0,8.0,False,False,8.0,True,mostly clear,False,agent-v2.3
ORD-41589,1,4.0,4.0,False,False,5.0,False,hard to read,False,agent-v2.3
ORD-41596,1,7.0,7.0,False,True,8.0,True,clear photo,False,agent-v2.3
ORD-41603,1,,6.0,True,False,4.0,False,hard to read,True,agent-v2.3
ORD-41610,1,8.0,8.0,False,True,7.0,True,clear photo,False,agent-v2.3
ORD-41617,1,,7.0,True,True,8.0,True,barely readable,False,agent-v2.3
ORD-41624,1,5.0,5.0,False,False,7.0,False,barely readable,False,agent-v2.3
ORD-41631,1,8.0,8.0,False,False,8.0,True,clear photo,False,agent-v2.3
ORD-41638,1,,5.0,True,False,5.0,False,barely readable,False,agent-v2.3
ORD-41645,1,,6.0,True,True,8.0,True,barely readable,False,agent-v2.3
ORD-41652,1,7.0,7.0,False,True,7.0,True,hard to read,False,agent-v2.3
ORD-41659,1,,7.0,True,True,6.0,True,barely readable,False,agent-v2.3
ORD-41666,1,,7.0,True,True,6.0,True,barely readable,False,agent-v2.3
ORD-41673,1,7.0,7.0,False,True,9.0,True,mostly clear,False,agent-v2.3
ORD-41680,1,7.0,7.0,False,False,6.0,False,barely readable,False,agent-v2.3
ORD-41687,1,8.0,8.0,False,False,9.0,True,clear photo,False,agent-v2.3
ORD-41694,1,,6.0,True,True,9.0,True,barely readable,False,agent-v2.3
ORD-41701,1,8.0,8.0,False,False,5.0,False,clear photo,True,agent-v2.3
ORD-41708,1,4.0,4.0,False,False,4.0,False,hard to read,False,agent-v2.3
ORD-41715,1,9.0,9.0,False,True,10.0,True,clear photo,False,agent-v2.3
ORD-41722,1,7.0,7.0,False,True,7.0,True,clear photo,False,agent-v2.3
ORD-41729,1,8.0,8.0,False,True,8.0,True,mostly clear,False,agent-v2.3
ORD-41736,1,9.0,9.0,False,True,10.0,True,hard to read,False,agent-v2.3
ORD-41743,1,6.0,6.0,False,True,7.0,True,barely readable,False,agent-v2.3
ORD-41750,1,8.0,8.0,False,True,7.0,True,mostly clear,False,agent-v2.3
ORD-41757,1,8.0,8.0,False,True,9.0,True,clear photo,False,agent-v2.3
ORD-41764,1,5.0,5.0,False,True,9.0,True,barely readable,False,agent-v2.3
ORD-41771,1,8.0,8.0,False,False,6.0,False,barely readable,True,agent-v2.3
ORD-41778,1,8.0,8.0,False,False,10.0,False,clear photo,True,agent-v2.3
ORD-41785,1,4.0,4.0,False,False,4.0,False,barely readable,False,agent-v2.3
ORD-41792,1,7.0,7.0,False,True,7.0,True,hard to read,False,agent-v2.3
ORD-41799,1,5.0,5.0,False,False,6.0,False,hard to read,False,agent-v2.3
ORD-41806,1,7.0,7.0,False,True,7.0,True,clear photo,False,agent-v2.3
ORD-41813,1,5.0,5.0,False,True,5.0,False,clear photo,False,agent-v2.3
ORD-41820,1,,7.0,True,False,4.0,False,hard to read,False,agent-v2.3
ORD-41827,1,7.0,7.0,False,True,8.0,True,hard to read,False,agent-v2.3
ORD-41834,1,8.0,8.0,False,True,9.0,True,clear photo,False,agent-v2.3
ORD-41841,1,7.0,7.0,False,True,7.0,True,mostly clear,False,agent-v2.3
ORD-41848,1,,6.0,True,False,4.0,False,hard to read,False,agent-v2.3
ORD-41855,1,4.0,4.0,False,False,4.0,False,mostly clear,False,agent-v2.3
ORD-41862,1,,6.0,True,True,6.0,True,hard to read,False,agent-v2.3
ORD-41869,1,7.0,7.0,False,True,6.0,False,barely readable,False,agent-v2.3
ORD-41876,1,,7.0,True,False,5.0,False,barely readable,False,agent-v2.3
ORD-41883,1,7.0,7.0,False,False,5.0,False,barely readable,False,agent-v2.3
ORD-41890,1,7.0,7.0,False,True,7.0,True,mostly clear,False,agent-v2.3
ORD-41897,1,9.0,9.0,False,False,9.0,False,clear photo,True,agent-v2.3
ORD-41904,1,,7.0,True,False,5.0,False,barely readable,False,agent-v2.3
ORD-41911,1,8.0,8.0,False,False,5.0,False,mostly clear,True,agent-v2.3
ORD-41918,1,7.0,7.0,False,True,6.0,True,clear photo,False,agent-v2.3
ORD-41925,1,7.0,7.0,False,True,7.0,True,mostly clear,False,agent-v2.3
ORD-41932,1,,,True,True,4.0,False,barely readable,False,agent-v2.3
ORD-41939,1,6.0,6.0,False,True,8.0,True,barely readable,False,agent-v2.3
ORD-41946,1,7.0,7.0,False,True,8.0,True,clear photo,False,agent-v2.3
ORD-41953,1,6.0,6.0,False,True,7.0,True,mostly clear,False,agent-v2.3
ORD-41960,1,5.0,5.0,False,False,6.0,False,mostly clear,False,agent-v2.3
ORD-41967,1,8.0,8.0,False,True,8.0,True,clear photo,False,agent-v2.3
ORD-41974,1,,7.0,True,True,8.0,True,barely readable,False,agent-v2.3
ORD-41981,1,7.0,7.0,False,True,6.0,True,barely readable,False,agent-v2.3
ORD-41988,1,6.0,6.0,False,False,6.0,False,hard to read,False,agent-v2.3
ORD-41995,1,8.0,8.0,False,True,7.0,True,barely readable,False,agent-v2.3
ORD-42002,1,7.0,7.0,False,True,8.0,True,mostly clear,False,agent-v2.3
ORD-42009,1,,7.0,True,True,8.0,True,barely readable,False,agent-v2.3
ORD-42016,1,8.0,8.0,False,True,6.0,False,clear photo,True,agent-v2.3
ORD-42023,1,7.0,7.0,False,True,7.0,True,mostly clear,False,agent-v2.3
ORD-42030,1,7.0,7.0,False,True,7.0,True,clear photo,False,agent-v2.3
ORD-42037,1,,5.0,True,False,5.0,False,barely readable,False,agent-v2.3
ORD-42044,1,10.0,10.0,False,False,9.0,False,clear photo,True,agent-v2.3
ORD-42051,1,8.0,8.0,False,False,7.0,True,clear photo,False,agent-v2.3
ORD-42058,1,,,True,True,7.0,True,barely readable,False,agent-v2.3
ORD-42065,1,6.0,6.0,False,True,8.0,True,hard to read,False,agent-v2.3
ORD-42072,1,,3.0,True,False,5.0,False,barely readable,False,agent-v2.3
ORD-42079,1,,6.0,True,True,8.0,True,hard to read,False,agent-v2.3
ORD-42086,1,9.0,9.0,False,False,9.0,False,barely readable,True,agent-v2.3
ORD-42093,1,,7.0,True,True,9.0,True,barely readable,False,agent-v2.3
ORD-42100,1,6.0,6.0,False,True,7.0,True,mostly clear,False,agent-v2.2
ORD-42107,1,6.0,6.0,False,False,5.0,False,barely readable,False,agent-v2.2
ORD-42114,1,,7.0,True,True,7.0,True,barely readable,False,agent-v2.2
ORD-42121,1,10.0,10.0,False,False,10.0,False,hard to read,True,agent-v2.2
ORD-42128,1,6.0,6.0,False,False,6.0,False,barely readable,False,agent-v2.2
ORD-42135,1,9.0,9.0,False,True,9.0,True,clear photo,False,agent-v2.2
ORD-42142,1,7.0,7.0,False,True,6.0,True,clear photo,False,agent-v2.2
ORD-42149,1,5.0,5.0,False,False,5.0,False,clear photo,False,agent-v2.2
ORD-42156,1,5.0,5.0,False,True,4.0,False,hard to read,False,agent-v2.2
ORD-42163,1,5.0,5.0,False,False,2.0,False,barely readable,False,agent-v2.2
ORD-42170,1,7.0,7.0,False,True,8.0,True,mostly clear,False,agent-v2.2
ORD-42177,1,4.0,4.0,False,True,2.0,False,clear photo,False,agent-v2.2
ORD-42184,1,,5.0,True,True,7.0,False,hard to read,False,agent-v2.2
ORD-42191,1,9.0,9.0,False,True,10.0,True,hard to read,False,agent-v2.2
ORD-42198,1,8.0,8.0,False,True,7.0,True,hard to read,False,agent-v2.2
ORD-42205,1,,6.0,True,False,6.0,False,hard to read,True,agent-v2.2
ORD-42212,1,,7.0,True,True,10.0,True,hard to read,False,agent-v2.2
ORD-42219,1,,8.0,True,False,7.0,True,hard to read,False,agent-v2.2
ORD-42226,1,8.0,8.0,False,True,9.0,True,mostly clear,False,agent-v2.2
ORD-42233,1,8.0,8.0,False,False,6.0,False,mostly clear,True,agent-v2.2
ORD-42240,1,,,True,False,6.0,False,barely readable,False,agent-v2.2
ORD-42247,1,8.0,8.0,False,True,7.0,True,mostly clear,False,agent-v2.2
ORD-42254,1,6.0,6.0,False,True,4.0,False,hard to read,False,agent-v2.2
ORD-42261,1,8.0,8.0,False,False,6.0,False,mostly clear,True,agent-v2.2
ORD-42268,1,6.0,6.0,False,True,7.0,False,hard to read,False,agent-v2.2
ORD-42275,1,6.0,6.0,False,False,6.0,False,mostly clear,False,agent-v2.2
ORD-42282,1,10.0,10.0,False,True,9.0,False,mostly clear,True,agent-v2.2
ORD-42289,1,5.0,5.0,False,False,5.0,False,hard to read,False,agent-v2.2
ORD-42296,1,7.0,7.0,False,True,8.0,True,hard to read,False,agent-v2.2
ORD-42303,1,9.0,9.0,False,True,9.0,True,clear photo,False,agent-v2.2
ORD-42310,1,7.0,7.0,False,True,7.0,True,barely readable,False,agent-v2.2
ORD-42317,1,7.0,7.0,False,False,6.0,False,clear photo,False,agent-v2.2
ORD-42324,1,6.0,6.0,False,False,6.0,False,mostly clear,False,agent-v2.2
ORD-42331,1,8.0,8.0,False,True,8.0,True,mostly clear,False,agent-v2.2
ORD-42338,1,4.0,4.0,False,False,4.0,False,clear photo,False,agent-v2.2
ORD-42345,1,10.0,10.0,False,True,9.0,False,clear photo,True,agent-v2.2
ORD-42352,1,8.0,8.0,False,True,7.0,True,hard to read,False,agent-v2.2
ORD-42359,1,8.0,8.0,False,False,8.0,True,clear photo,False,agent-v2.2
ORD-42366,1,6.0,6.0,False,True,6.0,True,clear photo,False,agent-v2.2
ORD-42373,1,8.0,8.0,False,True,7.0,True,mostly clear,False,agent-v2.2
ORD-42380,1,,7.0,True,True,9.0,True,barely readable,False,agent-v2.2
ORD-42387,1,5.0,5.0,False,True,6.0,False,clear photo,False,agent-v2.2
ORD-42394,1,7.0,7.0,False,True,8.0,False,hard to read,True,agent-v2.2
ORD-42401,1,7.0,7.0,False,False,8.0,True,clear photo,False,agent-v2.2
ORD-42408,1,7.0,7.0,False,False,4.0,False,clear photo,True,agent-v2.2
ORD-42415,1,6.0,6.0,False,True,6.0,True,clear photo,False,agent-v2.2
ORD-42422,1,9.0,9.0,False,True,9.0,True,hard to read,False,agent-v2.2
ORD-42429,1,8.0,8.0,False,True,7.0,True,hard to read,False,agent-v2.2
ORD-42436,1,5.0,5.0,False,True,4.0,False,mostly clear,False,agent-v2.2
ORD-42443,1,8.0,8.0,False,False,9.0,False,clear photo,True,agent-v2.2
ORD-42450,1,8.0,8.0,False,True,10.0,True,hard to read,False,agent-v2.2
ORD-42457,1,,4.0,True,True,4.0,False,hard to read,False,agent-v2.2
ORD-42464,1,5.0,5.0,False,False,4.0,False,clear photo,False,agent-v2.2
ORD-42471,1,5.0,5.0,False,False,5.0,False,hard to read,False,agent-v2.2
ORD-42478,1,,,True,True,8.0,True,barely readable,False,agent-v2.2
ORD-42485,1,7.0,7.0,False,False,7.0,False,hard to read,True,agent-v2.2
ORD-42492,1,6.0,6.0,False,True,6.0,True,mostly clear,False,agent-v2.2
ORD-42499,1,4.0,4.0,False,True,5.0,False,barely readable,False,agent-v2.2
ORD-42506,1,6.0,6.0,False,True,4.0,False,hard to read,False,agent-v2.2
ORD-42513,1,9.0,9.0,False,True,8.0,True,clear photo,False,agent-v2.2
ORD-42520,1,7.0,7.0,False,True,8.0,True,clear photo,False,agent-v2.2
ORD-42527,1,10.0,10.0,False,True,9.0,False,mostly clear,True,agent-v2.2
ORD-42534,1,,6.0,True,False,4.0,False,barely readable,False,agent-v2.2
ORD-42541,1,,6.0,True,False,3.0,False,barely readable,False,agent-v2.2
ORD-42548,1,5.0,5.0,False,False,3.0,False,mostly clear,False,agent-v2.2
ORD-42555,1,,7.0,True,True,10.0,True,barely readable,False,agent-v2.2
ORD-42562,1,9.0,9.0,False,True,9.0,True,mostly clear,False,agent-v2.2
ORD-42569,1,8.0,8.0,False,True,8.0,True,clear photo,False,agent-v2.2
ORD-42576,1,8.0,8.0,False,True,8.0,True,mostly clear,False,agent-v2.2
ORD-42583,1,6.0,6.0,False,False,4.0,False,clear photo,False,agent-v2.2
ORD-42590,1,4.0,4.0,False,False,3.0,False,hard to read,False,agent-v2.2
ORD-42597,1,6.0,6.0,False,True,7.0,True,mostly clear,False,agent-v2.2
ORD-42604,1,5.0,5.0,False,True,6.0,False,clear photo,False,agent-v2.2
ORD-42611,1,8.0,8.0,False,True,6.0,False,barely readable,False,agent-v2.2
ORD-42618,1,5.0,5.0,False,False,7.0,True,hard to read,False,agent-v2.2
ORD-42625,1,7.0,7.0,False,True,6.0,True,clear photo,False,agent-v2.2
ORD-42632,1,6.0,6.0,False,True,7.0,True,mostly clear,False,agent-v2.2
ORD-42639,1,6.0,6.0,False,False,3.0,False,hard to read,False,agent-v2.2
ORD-42646,1,7.0,7.0,False,True,6.0,True,clear photo,False,agent-v2.2
ORD-42653,1,9.0,9.0,False,True,8.0,True,barely readable,False,agent-v2.2
ORD-42660,1,7.0,7.0,False,True,5.0,False,barely readable,True,agent-v2.2
ORD-42667,1,8.0,8.0,False,False,6.0,False,hard to read,True,agent-v2.2
ORD-42674,1,7.0,7.0,False,True,9.0,True,mostly clear,False,agent-v2.2
ORD-42681,1,5.0,5.0,False,False,6.0,False,clear photo,False,agent-v2.2
ORD-42688,1,6.0,6.0,False,True,7.0,True,clear photo,False,agent-v2.2
ORD-42695,1,6.0,6.0,False,False,5.0,False,mostly clear,False,agent-v2.2
ORD-42702,1,6.0,6.0,False,True,6.0,True,clear photo,False,agent-v2.2
ORD-42709,1,8.0,8.0,False,True,8.0,True,barely readable,False,agent-v2.2
ORD-42716,1,8.0,8.0,False,True,9.0,True,mostly clear,False,agent-v2.2
ORD-42723,1,5.0,5.0,False,False,5.0,False,hard to read,False,agent-v2.2
ORD-42730,1,5.0,5.0,False,False,4.0,False,clear photo,False,agent-v2.2
ORD-42737,1,9.0,9.0,False,True,8.0,True,barely readable,False,agent-v2.2
ORD-42744,1,8.0,8.0,False,False,8.0,False,barely readable,True,agent-v2.2
ORD-42751,1,6.0,6.0,False,True,7.0,True,barely readable,False,agent-v2.2
ORD-42758,1,7.0,7.0,False,False,6.0,False,barely readable,False,agent-v2.2
ORD-42765,1,6.0,6.0,False,True,8.0,True,hard to read,False,agent-v2.2
ORD-42772,1,9.0,9.0,False,True,9.0,True,mostly clear,False,agent-v2.2
ORD-42779,1,,8.0,True,False,9.0,True,barely readable,False,agent-v2.2
ORD-42786,1,7.0,7.0,False,True,7.0,True,mostly clear,False,agent-v2.2
ORD-42793,1,8.0,8.0,False,True,8.0,True,hard to read,False,agent-v2.2
ORD-42800,1,7.0,7.0,False,False,6.0,False,barely readable,False,agent-v2.2
ORD-42807,1,7.0,7.0,False,True,7.0,True,hard to read,False,agent-v2.2
ORD-42814,1,8.0,8.0,False,True,7.0,True,barely readable,False,agent-v2.2
ORD-42821,1,9.0,9.0,False,False,7.0,False,clear photo,True,agent-v2.2
ORD-42828,1,7.0,7.0,False,False,6.0,False,hard to read,False,agent-v2.2
ORD-42835,1,6.0,6.0,False,False,7.0,False,clear photo,False,agent-v2.2
ORD-42842,1,,,True,False,5.0,False,barely readable,False,agent-v2.2
ORD-42849,1,6.0,6.0,False,False,4.0,False,hard to read,False,agent-v2.2
ORD-42856,1,8.0,8.0,False,True,8.0,True,mostly clear,False,agent-v2.2
ORD-42863,1,,9.0,True,False,10.0,True,hard to read,False,agent-v2.2
ORD-42870,1,,7.0,True,False,7.0,False,barely readable,False,agent-v2.2
ORD-42877,1,7.0,7.0,False,False,4.0,False,barely readable,True,agent-v2.2
ORD-42884,1,7.0,7.0,False,True,7.0,True,hard to read,False,agent-v2.2
ORD-42891,1,,6.0,True,True,8.0,True,barely readable,False,agent-v2.2
ORD-42898,1,7.0,7.0,False,True,7.0,True,hard to read,False,agent-v2.2
ORD-42905,1,5.0,5.0,False,False,2.0,False,mostly clear,False,agent-v2.2
ORD-42912,1,6.0,6.0,False,True,8.0,True,hard to read,False,agent-v2.2
ORD-42919,1,,5.0,True,False,3.0,False,barely readable,False,agent-v2.2
ORD-42926,1,10.0,10.0,False,False,10.0,False,clear photo,True,agent-v2.2
ORD-42933,1,7.0,7.0,False,False,6.0,True,clear photo,False,agent-v2.2
ORD-42940,1,8.0,8.0,False,True,9.0,False,mostly clear,True,agent-v2.2
ORD-42947,1,5.0,5.0,False,True,8.0,True,hard to read,False,agent-v2.2
ORD-42954,1,,6.0,True,False,4.0,False,hard to read,False,agent-v2.2
ORD-42961,1,6.0,6.0,False,True,6.0,True,clear photo,False,agent-v2.2
ORD-42968,1,7.0,7.0,False,False,6.0,False,mostly clear,False,agent-v2.2
ORD-42975,1,9.0,9.0,False,False,7.0,False,hard to read,True,agent-v2.2
ORD-42982,1,5.0,5.0,False,False,4.0,False,hard to read,False,agent-v2.2
ORD-42989,1,7.0,7.0,False,True,8.0,True,clear photo,False,agent-v2.2
ORD-42996,1,7.0,7.0,False,True,6.0,True,clear photo,False,agent-v2.2
ORD-43003,1,,9.0,True,False,6.0,False,hard to read,True,agent-v2.2
ORD-43010,1,,,True,True,6.0,False,barely readable,False,agent-v2.2
ORD-43017,1,7.0,7.0,False,True,9.0,True,mostly clear,False,agent-v2.2
ORD-43024,1,8.0,8.0,False,True,8.0,True,mostly clear,False,agent-v2.2
ORD-43031,1,7.0,7.0,False,True,10.0,True,clear photo,False,agent-v2.2
ORD-43038,1,9.0,9.0,False,True,8.0,True,hard to read,False,agent-v2.2
ORD-43045,1,7.0,7.0,False,True,6.0,True,mostly clear,False,agent-v2.2
ORD-43052,1,,7.0,True,True,7.0,True,barely readable,False,agent-v2.2
ORD-43059,1,6.0,6.0,False,False,6.0,False,clear photo,False,agent-v2.2
ORD-43066,1,,5.0,True,False,6.0,False,barely readable,False,agent-v2.2
ORD-43073,1,,5.0,True,True,8.0,True,barely readable,False,agent-v2.2
ORD-43080,1,8.0,8.0,False,True,6.0,True,mostly clear,False,agent-v2.2
ORD-43087,1,,5.0,True,False,5.0,False,barely readable,False,agent-v2.2
ORD-43094,1,8.0,8.0,False,False,7.0,False,hard to read,False,agent-v2.2
ORD-43101,1,7.0,7.0,False,False,5.0,False,hard to read,False,agent-v2.2
ORD-43108,1,9.0,9.0,False,True,8.0,True,clear photo,False,agent-v2.2
ORD-43115,1,5.0,5.0,False,False,3.0,False,clear photo,False,agent-v2.2
ORD-43122,1,9.0,9.0,False,True,8.0,True,clear photo,False,agent-v2.2
ORD-43129,1,4.0,4.0,False,False,5.0,False,mostly clear,False,agent-v2.2
ORD-43136,1,7.0,7.0,False,False,5.0,False,clear photo,True,agent-v2.2
ORD-43143,1,,8.0,True,True,7.0,True,mostly clear,False,agent-v2.2
ORD-43150,1,,4.0,True,True,4.0,False,hard to read,False,agent-v2.2
ORD-43157,1,8.0,8.0,False,False,6.0,False,mostly clear,True,agent-v2.2
ORD-43164,1,6.0,6.0,False,False,7.0,False,hard to read,False,agent-v2.2
ORD-43171,1,,7.0,True,False,6.0,False,barely readable,True,agent-v2.2
ORD-43178,1,5.0,5.0,False,True,8.0,True,barely readable,False,agent-v2.2
ORD-43185,1,6.0,6.0,False,True,8.0,True,barely readable,False,agent-v2.2
ORD-43192,1,8.0,8.0,False,True,7.0,True,mostly clear,False,agent-v2.2
ORD-43199,1,6.0,6.0,False,True,7.0,True,mostly clear,False,agent-v2.2
ORD-43206,1,7.0,7.0,False,False,7.0,True,barely readable,False,agent-v2.2
ORD-43213,1,6.0,6.0,False,False,7.0,False,mostly clear,False,agent-v2.2
ORD-43220,1,5.0,5.0,False,False,4.0,False,barely readable,False,agent-v2.2
ORD-43227,1,5.0,5.0,False,False,6.0,True,mostly clear,False,agent-v2.2
ORD-43234,1,5.0,5.0,False,False,3.0,False,mostly clear,False,agent-v2.2
ORD-43241,1,,10.0,True,False,7.0,False,hard to read,True,agent-v2.2
ORD-43248,1,8.0,8.0,False,True,9.0,True,clear photo,False,agent-v2.2
ORD-43255,1,7.0,7.0,False,True,7.0,True,mostly clear,False,agent-v2.2
ORD-43262,1,7.0,7.0,False,True,6.0,True,hard to read,False,agent-v2.2
ORD-43269,1,8.0,8.0,False,True,8.0,True,clear photo,False,agent-v2.2
ORD-43276,1,6.0,6.0,False,True,7.0,True,clear photo,False,agent-v2.2
ORD-43283,1,8.0,8.0,False,False,7.0,False,barely readable,True,agent-v2.2
ORD-43290,1,7.0,7.0,False,True,9.0,True,hard to read,False,agent-v2.2
ORD-43297,1,9.0,9.0,False,False,7.0,False,mostly clear,True,agent-v2.2
ORD-43304,1,7.0,7.0,False,False,3.0,False,barely readable,False,agent-v2.2
ORD-43311,1,,8.0,True,True,2.0,False,barely readable,False,agent-v2.2
ORD-43318,1,8.0,8.0,False,True,8.0,True,mostly clear,False,agent-v2.2
ORD-43325,1,5.0,5.0,False,False,3.0,False,barely readable,False,agent-v2.2
ORD-43332,1,7.0,7.0,False,False,3.0,False,hard to read,True,agent-v2.2
ORD-43339,1,6.0,6.0,False,False,6.0,False,hard to read,False,agent-v2.2
ORD-43346,1,,5.0,True,False,4.0,False,barely readable,False,agent-v2.2
ORD-43353,1,7.0,7.0,False,True,7.0,True,barely readable,False,agent-v2.2
ORD-43360,1,8.0,8.0,False,True,7.0,True,clear photo,False,agent-v2.2
ORD-43367,1,5.0,5.0,False,True,5.0,False,barely readable,False,agent-v2.2
ORD-43374,1,7.0,7.0,False,True,8.0,True,hard to read,False,agent-v2.2
ORD-43381,1,6.0,6.0,False,True,8.0,True,barely readable,False,agent-v2.2
ORD-43388,1,5.0,5.0,False,False,4.0,False,hard to read,False,agent-v2.2
ORD-43395,1,7.0,7.0,False,True,7.0,True,hard to read,False,agent-v2.2
ORD-43402,1,,5.0,True,False,5.0,False,barely readable,False,agent-v2.2
ORD-43409,1,9.0,9.0,False,False,8.0,False,clear photo,True,agent-v2.2
ORD-43416,1,,7.0,True,True,9.0,True,barely readable,False,agent-v2.2
ORD-43423,1,6.0,6.0,False,True,7.0,True,barely readable,False,agent-v2.2
ORD-43430,1,8.0,8.0,False,False,7.0,False,mostly clear,True,agent-v2.2
ORD-43437,1,,,True,False,5.0,False,barely readable,False,agent-v2.2
ORD-43444,1,6.0,6.0,False,True,8.0,True,hard to read,False,agent-v2.2
ORD-43451,1,10.0,10.0,False,True,9.0,False,mostly clear,True,agent-v2.2
ORD-43458,1,6.0,6.0,False,True,6.0,True,clear photo,False,agent-v2.2
ORD-43465,1,5.0,5.0,False,False,4.0,False,barely readable,False,agent-v2.2
ORD-43472,1,6.0,6.0,False,False,6.0,False,clear photo,False,agent-v2.2
ORD-43479,1,7.0,7.0,False,True,5.0,False,mostly clear,True,agent-v2.2
ORD-43486,1,6.0,6.0,False,False,5.0,False,clear photo,True,agent-v2.2
ORD-43493,1,4.0,4.0,False,True,1.0,False,mostly clear,False,agent-v2.2
ORD-43500,1,7.0,7.0,False,True,8.0,True,hard to read,False,agent-v2.2
ORD-43507,1,,5.0,True,True,7.0,True,barely readable,False,agent-v2.2
ORD-43514,1,,8.0,True,True,9.0,True,barely readable,False,agent-v2.2
ORD-43521,1,8.0,8.0,False,True,7.0,True,mostly clear,False,agent-v2.2
ORD-43528,1,6.0,6.0,False,True,7.0,True,clear photo,False,agent-v2.2
ORD-43535,1,7.0,7.0,False,True,7.0,True,hard to read,False,agent-v2.2
ORD-43542,1,5.0,5.0,False,False,5.0,False,clear photo,False,agent-v2.2
ORD-43549,1,6.0,6.0,False,True,7.0,True,hard to read,False,agent-v2.2
ORD-43556,1,,,True,True,8.0,True,barely readable,False,agent-v2.2
ORD-43563,1,6.0,6.0,False,True,4.0,False,mostly clear,False,agent-v2.2
ORD-43570,1,7.0,7.0,False,False,7.0,False,mostly clear,True,agent-v2.2
ORD-43577,1,5.0,5.0,False,True,4.0,False,mostly clear,False,agent-v2.2
ORD-43584,1,9.0,9.0,False,False,9.0,False,clear photo,True,agent-v2.2
ORD-43591,1,5.0,5.0,False,False,3.0,False,mostly clear,False,agent-v2.2
ORD-43598,1,7.0,7.0,False,True,8.0,True,mostly clear,False,agent-v2.2
ORD-43605,1,7.0,7.0,False,False,7.0,True,mostly clear,False,agent-v2.2
ORD-43612,1,,7.0,True,False,1.0,False,barely readable,False,agent-v2.2
ORD-43619,1,5.0,5.0,False,False,5.0,False,clear photo,False,agent-v2.2
ORD-43626,1,8.0,8.0,False,True,5.0,False,clear photo,True,agent-v2.2
ORD-43633,1,7.0,7.0,False,True,8.0,True,clear photo,False,agent-v2.2
ORD-43640,1,7.0,7.0,False,True,8.0,True,barely readable,False,agent-v2.2
ORD-43647,1,,7.0,True,False,4.0,False,hard to read,False,agent-v2.2
ORD-43654,1,9.0,9.0,False,True,7.0,False,hard to read,True,agent-v2.2
ORD-43661,1,8.0,8.0,False,True,6.0,True,barely readable,False,agent-v2.2
ORD-43668,1,5.0,5.0,False,False,5.0,False,mostly clear,False,agent-v2.2
ORD-43675,1,6.0,6.0,False,True,5.0,True,mostly clear,False,agent-v2.2
ORD-43682,1,,8.0,True,True,6.0,True,hard to read,False,agent-v2.2
ORD-43689,1,,4.0,True,True,6.0,True,barely readable,False,agent-v2.2
ORD-43696,1,9.0,9.0,False,True,10.0,True,clear photo,False,agent-v2.2
ORD-43703,1,8.0,8.0,False,True,7.0,True,clear photo,False,agent-v2.2
ORD-43710,1,7.0,7.0,False,True,6.0,True,clear photo,False,agent-v2.2
ORD-43717,1,5.0,5.0,False,True,5.0,False,mostly clear,False,agent-v2.2
ORD-43724,1,7.0,7.0,False,True,5.0,False,mostly clear,False,agent-v2.2
ORD-43731,1,5.0,5.0,False,False,4.0,False,barely readable,False,agent-v2.2
ORD-43738,1,8.0,8.0,False,True,8.0,True,hard to read,False,agent-v2.2
ORD-43745,1,9.0,9.0,False,False,9.0,False,hard to read,True,agent-v2.2
ORD-43752,1,7.0,7.0,False,False,6.0,False,barely readable,False,agent-v2.2
ORD-43759,1,7.0,7.0,False,True,6.0,True,hard to read,False,agent-v2.2
ORD-43766,1,7.0,7.0,False,True,8.0,True,clear photo,False,agent-v2.2
ORD-43773,1,6.0,6.0,False,False,5.0,False,mostly clear,False,agent-v2.2
ORD-43780,1,6.0,6.0,False,True,6.0,False,mostly clear,False,agent-v2.2
ORD-43787,1,7.0,7.0,False,True,5.0,True,barely readable,False,agent-v2.2
ORD-43794,1,6.0,6.0,False,True,6.0,True,clear photo,False,agent-v2.2
ORD-43801,1,,6.0,True,False,4.0,False,barely readable,False,agent-v2.2
ORD-43808,1,8.0,8.0,False,True,9.0,True,mostly clear,False,agent-v2.2
ORD-43815,1,,4.0,True,False,3.0,False,hard to read,False,agent-v2.2
ORD-43822,1,5.0,5.0,False,False,7.0,False,clear photo,False,agent-v2.2
ORD-43829,1,9.0,9.0,False,True,10.0,True,hard to read,False,agent-v2.2
ORD-43836,1,10.0,10.0,False,False,10.0,False,mostly clear,True,agent-v2.2
ORD-43843,1,8.0,8.0,False,True,10.0,True,hard to read,False,agent-v2.2
ORD-43850,1,,4.0,True,False,5.0,False,barely readable,False,agent-v2.2
ORD-43857,1,6.0,6.0,False,True,7.0,True,hard to read,False,agent-v2.2
ORD-43864,1,6.0,6.0,False,True,6.0,True,clear photo,False,agent-v2.2
ORD-43871,1,8.0,8.0,False,False,6.0,False,clear photo,True,agent-v2.2
ORD-43878,1,,8.0,True,True,6.0,False,mostly clear,True,agent-v2.2
ORD-43885,1,7.0,7.0,False,False,6.0,False,clear photo,False,agent-v2.2
ORD-43892,1,,6.0,True,False,3.0,False,barely readable,False,agent-v2.2
ORD-43899,1,,7.0,True,True,5.0,True,hard to read,False,agent-v2.2
ORD-43906,1,6.0,6.0,False,False,6.0,False,clear photo,False,agent-v2.2
ORD-43913,1,6.0,6.0,False,True,8.0,True,mostly clear,False,agent-v2.2
ORD-43920,1,8.0,8.0,False,True,10.0,True,barely readable,False,agent-v2.2
ORD-43927,1,8.0,8.0,False,False,9.0,True,clear photo,False,agent-v2.2
ORD-43934,1,3.0,3.0,False,True,3.0,False,clear photo,False,agent-v2.2
ORD-43941,1,6.0,6.0,False,False,7.0,False,mostly clear,False,agent-v2.2
ORD-43948,1,,6.0,True,False,4.0,False,barely readable,False,agent-v2.2
ORD-43955,1,,6.0,True,True,6.0,True,barely readable,False,agent-v2.2
ORD-43962,1,7.0,7.0,False,False,9.0,True,mostly clear,False,agent-v2.2
ORD-43969,1,6.0,6.0,False,True,5.0,False,hard to read,False,agent-v2.2
ORD-43976,1,7.0,7.0,False,True,7.0,True,hard to read,False,agent-v2.2
ORD-43983,1,8.0,8.0,False,True,9.0,True,mostly clear,False,agent-v2.2
ORD-43990,1,9.0,9.0,False,False,8.0,False,barely readable,True,agent-v2.2
ORD-43997,1,,5.0,True,False,3.0,False,barely readable,False,agent-v2.2
ORD-44004,1,6.0,6.0,False,False,6.0,False,mostly clear,False,agent-v2.2
ORD-44011,1,6.0,6.0,False,False,3.0,False,mostly clear,False,agent-v2.2
ORD-44018,1,6.0,6.0,False,False,4.0,False,clear photo,False,agent-v2.2
ORD-44025,1,6.0,6.0,False,False,6.0,False,clear photo,False,agent-v2.2
ORD-44032,1,6.0,6.0,False,True,8.0,True,hard to read,False,agent-v2.2
ORD-44039,1,6.0,6.0,False,False,5.0,False,clear photo,False,agent-v2.2
ORD-44046,1,7.0,7.0,False,True,8.0,True,mostly clear,False,agent-v2.2
ORD-44053,1,9.0,9.0,False,True,8.0,True,mostly clear,False,agent-v2.2
ORD-44060,1,8.0,8.0,False,False,5.0,False,hard to read,True,agent-v2.2
ORD-44067,1,6.0,6.0,False,True,7.0,True,mostly clear,False,agent-v2.2
ORD-44074,1,,9.0,True,True,8.0,True,barely readable,False,agent-v2.2
ORD-44081,1,9.0,9.0,False,True,8.0,True,mostly clear,False,agent-v2.2
ORD-44088,1,5.0,5.0,False,True,7.0,True,hard to read,False,agent-v2.2
ORD-44095,1,8.0,8.0,False,False,8.0,True,hard to read,False,agent-v2.2
ORD-44102,1,4.0,4.0,False,False,5.0,False,mostly clear,False,agent-v2.2
ORD-44109,1,,9.0,True,False,8.0,False,barely readable,True,agent-v2.2
ORD-44116,1,,6.0,True,False,6.0,False,hard to read,False,agent-v2.2
ORD-44123,1,7.0,7.0,False,False,5.0,False,clear photo,True,agent-v2.2
ORD-44130,1,5.0,5.0,False,False,6.0,False,clear photo,False,agent-v2.2
ORD-44137,1,5.0,5.0,False,False,5.0,False,barely readable,False,agent-v2.2
ORD-44144,1,,,True,False,5.0,False,barely readable,False,agent-v2.2
ORD-44151,1,8.0,8.0,False,True,7.0,True,hard to read,False,agent-v2.2
ORD-44158,1,8.0,8.0,False,True,8.0,True,hard to read,False,agent-v2.2
ORD-44165,1,,8.0,True,True,9.0,True,hard to read,False,agent-v2.2
ORD-44172,1,7.0,7.0,False,True,8.0,True,mostly clear,False,agent-v2.2
ORD-44179,1,,,True,True,5.0,False,barely readable,False,agent-v2.2
ORD-44186,1,8.0,8.0,False,True,8.0,True,hard to read,False,agent-v2.2
ORD-44193,1,8.0,8.0,False,False,7.0,False,clear photo,True,agent-v2.2
ORD-40000,2,8.0,8.0,False,False,7.0,True,mostly clear,False,agent-v2.3
ORD-40007,2,5.0,5.0,False,True,6.0,True,hard to read,False,agent-v2.3
ORD-40014,2,10.0,10.0,False,False,7.0,False,clear photo,True,agent-v2.3
ORD-40021,2,10.0,10.0,False,True,10.0,False,hard to read,True,agent-v2.3
ORD-40028,2,7.0,7.0,False,True,7.0,True,hard to read,False,agent-v2.3
ORD-40035,2,7.0,7.0,False,False,6.0,False,clear photo,False,agent-v2.3
ORD-40042,2,6.0,6.0,False,False,6.0,False,barely readable,False,agent-v2.3
ORD-40049,2,5.0,5.0,False,True,6.0,True,barely readable,False,agent-v2.3
ORD-40056,2,,6.0,True,False,5.0,False,barely readable,False,agent-v2.3
ORD-40063,2,,7.0,True,False,8.0,False,barely readable,True,agent-v2.3
ORD-40070,2,10.0,10.0,False,False,9.0,False,mostly clear,True,agent-v2.3
ORD-40077,2,6.0,6.0,False,True,4.0,False,hard to read,False,agent-v2.3
ORD-40084,2,10.0,10.0,False,True,9.0,True,clear photo,False,agent-v2.3
ORD-40091,2,9.0,9.0,False,True,9.0,True,mostly clear,False,agent-v2.3
ORD-40098,2,4.0,4.0,False,False,6.0,False,barely readable,False,agent-v2.3
ORD-40105,2,,6.0,True,False,6.0,False,hard to read,False,agent-v2.3
ORD-40112,2,9.0,9.0,False,True,8.0,True,mostly clear,False,agent-v2.3
ORD-40119,2,,,True,True,7.0,True,barely readable,False,agent-v2.3
ORD-40126,2,8.0,8.0,False,True,9.0,True,mostly clear,False,agent-v2.3
ORD-40133,2,7.0,7.0,False,True,8.0,True,mostly clear,False,agent-v2.3
ORD-40140,2,,6.0,True,False,4.0,False,barely readable,False,agent-v2.3
ORD-40147,2,6.0,6.0,False,True,8.0,True,barely readable,False,agent-v2.3
ORD-40154,2,5.0,5.0,False,False,4.0,False,barely readable,True,agent-v2.3
ORD-40161,2,7.0,7.0,False,False,4.0,False,hard to read,False,agent-v2.3
ORD-40168,2,9.0,9.0,False,True,9.0,True,hard to read,False,agent-v2.3
ORD-40175,2,8.0,8.0,False,True,9.0,True,clear photo,False,agent-v2.3
ORD-40182,2,,7.0,True,True,8.0,True,hard to read,False,agent-v2.3
ORD-40189,2,,8.0,True,False,6.0,False,hard to read,False,agent-v2.3
ORD-40196,2,5.0,5.0,False,False,4.0,False,hard to read,False,agent-v2.3
ORD-40203,2,5.0,5.0,False,True,6.0,True,hard to read,False,agent-v2.3
ORD-40210,2,8.0,8.0,False,True,8.0,True,clear photo,False,agent-v2.3
ORD-40217,2,6.0,6.0,False,True,8.0,True,mostly clear,False,agent-v2.3
ORD-40224,2,,,True,True,7.0,True,barely readable,False,agent-v2.3
ORD-40231,2,5.0,5.0,False,False,7.0,False,barely readable,False,agent-v2.3
ORD-40238,2,4.0,4.0,False,True,5.0,False,clear photo,False,agent-v2.3
ORD-40245,2,,5.0,True,False,7.0,False,hard to read,False,agent-v2.3
ORD-40252,2,5.0,5.0,False,True,4.0,False,mostly clear,False,agent-v2.3
ORD-40259,2,7.0,7.0,False,False,6.0,False,mostly clear,True,agent-v2.3
ORD-40266,2,6.0,6.0,False,True,7.0,True,mostly clear,False,agent-v2.3
ORD-40273,2,8.0,8.0,False,False,6.0,True,hard to read,False,agent-v2.3
ORD-40280,2,,6.0,True,True,6.0,True,mostly clear,False,agent-v2.3
ORD-40287,2,,,True,False,8.0,False,barely readable,True,agent-v2.3
ORD-40294,2,8.0,8.0,False,False,10.0,False,barely readable,True,agent-v2.3
ORD-40301,2,,7.0,True,False,7.0,True,barely readable,False,agent-v2.3
ORD-40308,2,9.0,9.0,False,True,10.0,False,hard to read,True,agent-v2.3
ORD-40315,2,8.0,8.0,False,False,8.0,False,mostly clear,True,agent-v2.3
ORD-40322,2,5.0,5.0,False,False,5.0,False,clear photo,False,agent-v2.3
ORD-40329,2,8.0,8.0,False,True,7.0,True,hard to read,False,agent-v2.3
ORD-40336,2,10.0,10.0,False,False,9.0,False,clear photo,True,agent-v2.3
ORD-40343,2,8.0,8.0,False,True,9.0,True,clear photo,False,agent-v2.3
ORD-40350,2,,6.0,True,False,5.0,False,hard to read,False,agent-v2.3
ORD-40357,2,7.0,7.0,False,True,8.0,True,hard to read,False,agent-v2.3
ORD-40364,2,6.0,6.0,False,False,5.0,False,hard to read,False,agent-v2.3
ORD-40371,2,6.0,6.0,False,True,6.0,True,clear photo,False,agent-v2.3
ORD-40378,2,,5.0,True,False,4.0,False,barely readable,False,agent-v2.3
ORD-40385,2,6.0,6.0,False,True,7.0,True,mostly clear,False,agent-v2.3
ORD-40392,2,,,True,False,5.0,False,barely readable,False,agent-v2.3
ORD-40399,2,6.0,6.0,False,True,7.0,True,barely readable,False,agent-v2.3
ORD-40406,2,7.0,7.0,False,True,7.0,True,mostly clear,False,agent-v2.3
ORD-40413,2,3.0,3.0,False,False,5.0,False,mostly clear,False,agent-v2.3
ORD-40420,2,5.0,5.0,False,False,5.0,False,hard to read,False,agent-v2.3
ORD-40427,2,6.0,6.0,False,False,7.0,False,mostly clear,False,agent-v2.3
ORD-40434,2,9.0,9.0,False,False,9.0,False,barely readable,True,agent-v2.3
ORD-40441,2,8.0,8.0,False,True,10.0,True,mostly clear,False,agent-v2.3
ORD-40448,2,10.0,10.0,False,False,8.0,False,mostly clear,True,agent-v2.3
ORD-40455,2,7.0,7.0,False,True,7.0,True,clear photo,False,agent-v2.3
ORD-40462,2,8.0,8.0,False,False,7.0,False,mostly clear,True,agent-v2.3
ORD-40469,2,7.0,7.0,False,True,6.0,True,mostly clear,False,agent-v2.3
ORD-40476,2,8.0,8.0,False,True,9.0,True,clear photo,False,agent-v2.3
ORD-40483,2,8.0,8.0,False,True,9.0,True,clear photo,False,agent-v2.3
ORD-40490,2,9.0,9.0,False,True,10.0,True,clear photo,False,agent-v2.3
ORD-40497,2,7.0,7.0,False,False,9.0,False,barely readable,True,agent-v2.3
ORD-40504,2,,9.0,True,True,6.0,False,barely readable,True,agent-v2.3
ORD-40511,2,5.0,5.0,False,False,3.0,False,hard to read,False,agent-v2.3
ORD-40518,2,6.0,6.0,False,True,6.0,True,clear photo,False,agent-v2.3
ORD-40525,2,8.0,8.0,False,True,10.0,True,clear photo,False,agent-v2.3
ORD-40532,2,6.0,6.0,False,True,8.0,True,mostly clear,False,agent-v2.3
ORD-40539,2,8.0,8.0,False,True,9.0,True,clear photo,False,agent-v2.3
ORD-40546,2,8.0,8.0,False,True,10.0,True,mostly clear,False,agent-v2.3
ORD-40553,2,,4.0,True,False,3.0,False,barely readable,False,agent-v2.3
ORD-40560,2,5.0,5.0,False,True,6.0,True,mostly clear,False,agent-v2.3
ORD-40567,2,4.0,4.0,False,False,4.0,False,mostly clear,False,agent-v2.3
ORD-40574,2,5.0,5.0,False,True,7.0,True,hard to read,False,agent-v2.3
ORD-40581,2,,8.0,True,True,6.0,True,hard to read,False,agent-v2.3
ORD-40588,2,10.0,10.0,False,False,8.0,False,clear photo,True,agent-v2.3
ORD-40595,2,8.0,8.0,False,True,8.0,True,clear photo,False,agent-v2.3
ORD-40602,2,5.0,5.0,False,False,6.0,False,clear photo,False,agent-v2.3
ORD-40609,2,7.0,7.0,False,True,7.0,True,clear photo,False,agent-v2.3
ORD-40616,2,,7.0,True,False,5.0,False,barely readable,False,agent-v2.3
ORD-40623,2,8.0,8.0,False,True,9.0,True,clear photo,False,agent-v2.3
ORD-40630,2,8.0,8.0,False,False,10.0,False,mostly clear,True,agent-v2.3
ORD-40637,2,,7.0,True,True,7.0,True,mostly clear,False,agent-v2.3
ORD-40644,2,9.0,9.0,False,False,9.0,False,hard to read,True,agent-v2.3
ORD-40651,2,8.0,8.0,False,True,7.0,True,hard to read,False,agent-v2.3
ORD-40658,2,7.0,7.0,False,True,8.0,True,clear photo,False,agent-v2.3
ORD-40665,2,,7.0,True,True,8.0,True,barely readable,False,agent-v2.3
ORD-40672,2,10.0,10.0,False,False,10.0,False,mostly clear,True,agent-v2.3
ORD-40679,2,8.0,8.0,False,True,9.0,True,mostly clear,False,agent-v2.3
ORD-40686,2,5.0,5.0,False,True,6.0,False,clear photo,False,agent-v2.3
ORD-40693,2,9.0,9.0,False,False,9.0,False,mostly clear,True,agent-v2.3
ORD-40700,2,7.0,7.0,False,True,7.0,True,clear photo,False,agent-v2.3
ORD-40707,2,,6.0,True,False,5.0,False,barely readable,False,agent-v2.3
ORD-40714,2,8.0,8.0,False,False,8.0,False,hard to read,True,agent-v2.3
ORD-40721,2,6.0,6.0,False,False,7.0,False,clear photo,False,agent-v2.3
ORD-40728,2,4.0,4.0,False,False,3.0,False,mostly clear,False,agent-v2.3
ORD-40735,2,8.0,8.0,False,False,5.0,False,clear photo,True,agent-v2.3
ORD-40742,2,8.0,8.0,False,True,10.0,True,mostly clear,False,agent-v2.3
ORD-40749,2,4.0,4.0,False,False,4.0,False,mostly clear,False,agent-v2.3
ORD-40756,2,6.0,6.0,False,False,6.0,False,clear photo,False,agent-v2.3
ORD-40763,2,6.0,6.0,False,True,6.0,False,clear photo,False,agent-v2.3
ORD-40770,2,7.0,7.0,False,False,6.0,False,mostly clear,False,agent-v2.3
ORD-40777,2,8.0,8.0,False,True,7.0,True,clear photo,False,agent-v2.3
ORD-40784,2,9.0,9.0,False,True,9.0,True,clear photo,False,agent-v2.3
ORD-40791,2,5.0,5.0,False,False,6.0,False,hard to read,False,agent-v2.3
ORD-40798,2,7.0,7.0,False,True,7.0,True,clear photo,False,agent-v2.3
ORD-40805,2,,9.0,True,True,8.0,True,hard to read,False,agent-v2.3
ORD-40812,2,,5.0,True,False,5.0,False,barely readable,False,agent-v2.3
ORD-40819,2,6.0,6.0,False,False,5.0,False,hard to read,False,agent-v2.3
ORD-40826,2,7.0,7.0,False,True,8.0,True,mostly clear,False,agent-v2.3
ORD-40833,2,,4.0,True,True,6.0,True,barely readable,False,agent-v2.3
ORD-40840,2,7.0,7.0,False,False,7.0,False,mostly clear,True,agent-v2.3
ORD-40847,2,5.0,5.0,False,False,4.0,False,hard to read,False,agent-v2.3
ORD-40854,2,,,True,True,7.0,True,barely readable,False,agent-v2.3
ORD-40861,2,6.0,6.0,False,True,6.0,False,barely readable,False,agent-v2.3
ORD-40868,2,8.0,8.0,False,True,9.0,True,clear photo,False,agent-v2.3
ORD-40875,2,5.0,5.0,False,True,6.0,False,mostly clear,False,agent-v2.3
ORD-40882,2,8.0,8.0,False,True,9.0,True,mostly clear,False,agent-v2.3
ORD-40889,2,9.0,9.0,False,True,9.0,True,hard to read,False,agent-v2.3
ORD-40896,2,,,True,False,2.0,False,barely readable,False,agent-v2.3
ORD-40903,2,,5.0,True,True,4.0,False,barely readable,False,agent-v2.3
ORD-40910,2,,7.0,True,True,9.0,True,barely readable,False,agent-v2.3
ORD-40917,2,7.0,7.0,False,True,8.0,True,hard to read,False,agent-v2.3
ORD-40924,2,7.0,7.0,False,True,9.0,True,hard to read,False,agent-v2.3
ORD-40931,2,8.0,8.0,False,True,7.0,True,mostly clear,False,agent-v2.3
ORD-40938,2,8.0,8.0,False,True,6.0,True,barely readable,False,agent-v2.3
ORD-40945,2,6.0,6.0,False,False,7.0,False,mostly clear,False,agent-v2.3
ORD-40952,2,5.0,5.0,False,False,6.0,False,barely readable,False,agent-v2.3
ORD-40959,2,8.0,8.0,False,True,8.0,True,clear photo,False,agent-v2.3
ORD-40966,2,5.0,5.0,False,False,4.0,False,hard to read,False,agent-v2.3
ORD-40973,2,8.0,8.0,False,True,8.0,True,clear photo,False,agent-v2.3
ORD-40980,2,8.0,8.0,False,True,7.0,True,clear photo,False,agent-v2.3
ORD-40987,2,8.0,8.0,False,False,6.0,False,mostly clear,True,agent-v2.3
ORD-40994,2,6.0,6.0,False,True,5.0,False,hard to read,False,agent-v2.3
ORD-41001,2,9.0,9.0,False,False,10.0,True,clear photo,False,agent-v2.3
ORD-41008,2,8.0,8.0,False,True,9.0,True,hard to read,False,agent-v2.3
ORD-41015,2,7.0,7.0,False,True,6.0,True,barely readable,False,agent-v2.3
ORD-41022,2,,6.0,True,True,5.0,True,barely readable,False,agent-v2.3
ORD-41029,2,8.0,8.0,False,True,7.0,True,clear photo,False,agent-v2.3
ORD-41036,2,9.0,9.0,False,False,8.0,False,clear photo,True,agent-v2.3
ORD-41043,2,7.0,7.0,False,True,9.0,True,clear photo,False,agent-v2.3
ORD-41050,2,9.0,9.0,False,False,10.0,True,hard to read,False,agent-v2.3
ORD-41057,2,9.0,9.0,False,True,10.0,True,clear photo,False,agent-v2.3
ORD-41064,2,7.0,7.0,False,False,6.0,False,mostly clear,False,agent-v2.3
ORD-41071,2,8.0,8.0,False,True,10.0,True,hard to read,False,agent-v2.3
ORD-41078,2,,,True,True,9.0,True,barely readable,False,agent-v2.3
ORD-41085,2,7.0,7.0,False,False,5.0,False,hard to read,True,agent-v2.3
ORD-41092,2,10.0,10.0,False,False,10.0,False,mostly clear,True,agent-v2.3
ORD-41099,2,7.0,7.0,False,True,8.0,True,clear photo,False,agent-v2.3
ORD-41106,2,5.0,5.0,False,False,4.0,False,clear photo,False,agent-v2.3
ORD-41113,2,10.0,10.0,False,True,9.0,True,hard to read,False,agent-v2.3
ORD-41120,2,,4.0,True,True,8.0,True,hard to read,False,agent-v2.3
ORD-41127,2,7.0,7.0,False,False,4.0,False,hard to read,True,agent-v2.3
ORD-41134,2,7.0,7.0,False,True,7.0,True,mostly clear,False,agent-v2.3
ORD-41141,2,8.0,8.0,False,False,6.0,False,hard to read,True,agent-v2.3
ORD-41148,2,,8.0,True,True,7.0,True,mostly clear,False,agent-v2.3
ORD-41155,2,9.0,9.0,False,True,10.0,True,clear photo,False,agent-v2.3
ORD-41162,2,7.0,7.0,False,True,7.0,True,clear photo,False,agent-v2.3
ORD-41169,2,8.0,8.0,False,True,9.0,True,clear photo,False,agent-v2.3
ORD-41176,2,7.0,7.0,False,True,10.0,True,hard to read,False,agent-v2.3
ORD-41183,2,6.0,6.0,False,True,7.0,True,mostly clear,False,agent-v2.3
ORD-41190,2,7.0,7.0,False,True,9.0,True,barely readable,False,agent-v2.3
ORD-41197,2,7.0,7.0,False,True,7.0,True,hard to read,False,agent-v2.3
ORD-41204,2,,,True,True,8.0,True,barely readable,False,agent-v2.3
ORD-41211,2,6.0,6.0,False,True,8.0,True,barely readable,False,agent-v2.3
ORD-41218,2,,,True,True,6.0,False,barely readable,True,agent-v2.3
ORD-41225,2,10.0,10.0,False,True,9.0,False,mostly clear,True,agent-v2.3
ORD-41232,2,7.0,7.0,False,True,7.0,True,barely readable,False,agent-v2.3
ORD-41239,2,7.0,7.0,False,True,7.0,True,clear photo,False,agent-v2.3
ORD-41246,2,6.0,6.0,False,False,6.0,False,mostly clear,False,agent-v2.3
ORD-41253,2,3.0,3.0,False,False,4.0,False,mostly clear,False,agent-v2.3
ORD-41260,2,8.0,8.0,False,True,8.0,True,clear photo,False,agent-v2.3
ORD-41267,2,,8.0,True,False,9.0,False,hard to read,True,agent-v2.3
ORD-41274,2,7.0,7.0,False,True,8.0,True,clear photo,False,agent-v2.3
ORD-41281,2,7.0,7.0,False,True,10.0,True,mostly clear,False,agent-v2.3
ORD-41288,2,4.0,4.0,False,False,5.0,False,mostly clear,False,agent-v2.3
ORD-41295,2,5.0,5.0,False,False,6.0,False,hard to read,False,agent-v2.3
ORD-41302,2,7.0,7.0,False,True,9.0,True,clear photo,False,agent-v2.3
ORD-41309,2,,7.0,True,True,9.0,True,hard to read,False,agent-v2.3
ORD-41316,2,8.0,8.0,False,True,9.0,True,mostly clear,False,agent-v2.3
ORD-41323,2,5.0,5.0,False,False,4.0,False,clear photo,False,agent-v2.3
ORD-41330,2,6.0,6.0,False,False,6.0,False,clear photo,False,agent-v2.3
ORD-41337,2,5.0,5.0,False,False,5.0,False,mostly clear,False,agent-v2.3
ORD-41344,2,,5.0,True,False,4.0,False,barely readable,False,agent-v2.3
ORD-41351,2,,8.0,True,False,9.0,False,hard to read,True,agent-v2.3
ORD-41358,2,6.0,6.0,False,True,7.0,True,mostly clear,False,agent-v2.3
ORD-41365,2,7.0,7.0,False,True,8.0,True,mostly clear,False,agent-v2.3
ORD-41372,2,8.0,8.0,False,True,8.0,True,mostly clear,False,agent-v2.3
ORD-41379,2,,8.0,True,True,9.0,True,hard to read,False,agent-v2.3
ORD-41386,2,6.0,6.0,False,False,7.0,True,clear photo,False,agent-v2.3
ORD-41393,2,,6.0,True,True,9.0,True,barely readable,False,agent-v2.3
ORD-41400,2,6.0,6.0,False,False,6.0,False,clear photo,False,agent-v2.3
ORD-41407,2,7.0,7.0,False,True,8.0,True,mostly clear,False,agent-v2.3
ORD-41414,2,,,True,False,5.0,False,barely readable,False,agent-v2.3
ORD-41421,2,,8.0,True,True,10.0,True,hard to read,False,agent-v2.3
ORD-41428,2,9.0,9.0,False,True,10.0,True,clear photo,False,agent-v2.3
ORD-41435,2,,7.0,True,True,8.0,True,mostly clear,False,agent-v2.3
ORD-41442,2,7.0,7.0,False,True,7.0,True,barely readable,False,agent-v2.3
ORD-41449,2,8.0,8.0,False,True,8.0,True,clear photo,False,agent-v2.3
ORD-41456,2,6.0,6.0,False,False,6.0,False,clear photo,False,agent-v2.3
ORD-41463,2,6.0,6.0,False,True,8.0,True,mostly clear,False,agent-v2.3
ORD-41470,2,,7.0,True,True,7.0,True,barely readable,False,agent-v2.3
ORD-41477,2,8.0,8.0,False,True,7.0,True,hard to read,False,agent-v2.3
ORD-41484,2,7.0,7.0,False,True,5.0,False,mostly clear,True,agent-v2.3
ORD-41491,2,5.0,5.0,False,False,7.0,False,mostly clear,False,agent-v2.3
ORD-41498,2,6.0,6.0,False,True,9.0,True,mostly clear,False,agent-v2.3
ORD-41505,2,8.0,8.0,False,True,9.0,True,hard to read,False,agent-v2.3
ORD-41512,2,9.0,9.0,False,False,9.0,False,barely readable,True,agent-v2.3
ORD-41519,2,8.0,8.0,False,True,5.0,True,clear photo,False,agent-v2.3
ORD-41526,2,,7.0,True,True,7.0,True,hard to read,False,agent-v2.3
ORD-41533,2,,4.0,True,False,6.0,False,barely readable,False,agent-v2.3
ORD-41540,2,,7.0,True,True,7.0,True,hard to read,False,agent-v2.3
ORD-41547,2,7.0,7.0,False,True,6.0,True,hard to read,False,agent-v2.3
ORD-41554,2,,8.0,True,True,6.0,True,barely readable,False,agent-v2.3
ORD-41561,2,9.0,9.0,False,False,8.0,True,mostly clear,False,agent-v2.3
ORD-41568,2,8.0,8.0,False,True,7.0,True,hard to read,False,agent-v2.3
ORD-41575,2,7.0,7.0,False,True,6.0,True,hard to read,False,agent-v2.3
ORD-41582,2,7.0,7.0,False,True,8.0,True,mostly clear,False,agent-v2.3
ORD-41589,2,5.0,5.0,False,False,5.0,False,hard to read,False,agent-v2.3
ORD-41596,2,6.0,6.0,False,True,8.0,True,clear photo,False,agent-v2.3
ORD-41603,2,,9.0,True,False,4.0,False,hard to read,True,agent-v2.3
ORD-41610,2,7.0,7.0,False,True,7.0,True,clear photo,False,agent-v2.3
ORD-41617,2,,,True,True,8.0,True,barely readable,False,agent-v2.3
ORD-41624,2,,8.0,True,True,7.0,False,barely readable,False,agent-v2.3
ORD-41631,2,8.0,8.0,False,True,8.0,True,clear photo,False,agent-v2.3
ORD-41638,2,7.0,7.0,False,False,5.0,False,barely readable,False,agent-v2.3
ORD-41645,2,8.0,8.0,False,True,8.0,True,barely readable,False,agent-v2.3
ORD-41652,2,,8.0,True,True,7.0,True,hard to read,False,agent-v2.3
ORD-41659,2,5.0,5.0,False,True,6.0,True,barely readable,False,agent-v2.3
ORD-41666,2,,5.0,True,True,6.0,True,barely readable,False,agent-v2.3
ORD-41673,2,8.0,8.0,False,True,9.0,True,mostly clear,False,agent-v2.3
ORD-41680,2,,,True,False,6.0,False,barely readable,False,agent-v2.3
ORD-41687,2,9.0,9.0,False,True,9.0,True,clear photo,False,agent-v2.3
ORD-41694,2,,7.0,True,True,9.0,True,barely readable,False,agent-v2.3
ORD-41701,2,8.0,8.0,False,False,5.0,False,clear photo,True,agent-v2.3
ORD-41708,2,,7.0,True,False,4.0,False,hard to read,False,agent-v2.3
ORD-41715,2,10.0,10.0,False,True,10.0,True,clear photo,False,agent-v2.3
ORD-41722,2,8.0,8.0,False,True,7.0,True,clear photo,False,agent-v2.3
ORD-41729,2,7.0,7.0,False,True,8.0,True,mostly clear,False,agent-v2.3
ORD-41736,2,9.0,9.0,False,True,10.0,True,hard to read,False,agent-v2.3
ORD-41743,2,,,True,True,7.0,True,barely readable,False,agent-v2.3
ORD-41750,2,7.0,7.0,False,True,7.0,True,mostly clear,False,agent-v2.3
ORD-41757,2,8.0,8.0,False,True,9.0,True,clear photo,False,agent-v2.3
ORD-41764,2,,8.0,True,True,9.0,True,barely readable,False,agent-v2.3
ORD-41771,2,,8.0,True,True,6.0,False,barely readable,True,agent-v2.3
ORD-41778,2,10.0,10.0,False,False,10.0,False,clear photo,True,agent-v2.3
ORD-41785,2,,6.0,True,False,4.0,False,barely readable,False,agent-v2.3
ORD-41792,2,6.0,6.0,False,True,7.0,True,hard to read,False,agent-v2.3
ORD-41799,2,7.0,7.0,False,False,6.0,False,hard to read,False,agent-v2.3
ORD-41806,2,7.0,7.0,False,True,7.0,True,clear photo,False,agent-v2.3
ORD-41813,2,7.0,7.0,False,True,5.0,False,clear photo,False,agent-v2.3
ORD-41820,2,5.0,5.0,False,False,4.0,False,hard to read,False,agent-v2.3
ORD-41827,2,8.0,8.0,False,True,8.0,True,hard to read,False,agent-v2.3
ORD-41834,2,9.0,9.0,False,True,9.0,True,clear photo,False,agent-v2.3
ORD-41841,2,,5.0,True,True,7.0,True,mostly clear,False,agent-v2.3
ORD-41848,2,6.0,6.0,False,False,4.0,False,hard to read,False,agent-v2.3
ORD-41855,2,4.0,4.0,False,False,4.0,False,mostly clear,False,agent-v2.3
ORD-41862,2,,7.0,True,True,6.0,True,hard to read,False,agent-v2.3
ORD-41869,2,,4.0,True,False,6.0,False,barely readable,False,agent-v2.3
ORD-41876,2,,6.0,True,False,5.0,False,barely readable,False,agent-v2.3
ORD-41883,2,5.0,5.0,False,False,5.0,False,barely readable,False,agent-v2.3
ORD-41890,2,8.0,8.0,False,True,7.0,True,mostly clear,False,agent-v2.3
ORD-41897,2,10.0,10.0,False,True,9.0,False,clear photo,True,agent-v2.3
ORD-41904,2,,4.0,True,False,5.0,False,barely readable,False,agent-v2.3
ORD-41911,2,8.0,8.0,False,False,5.0,False,mostly clear,True,agent-v2.3
ORD-41918,2,8.0,8.0,False,True,6.0,True,clear photo,False,agent-v2.3
ORD-41925,2,7.0,7.0,False,True,7.0,True,mostly clear,False,agent-v2.3
ORD-41932,2,,,True,False,4.0,False,barely readable,False,agent-v2.3
ORD-41939,2,7.0,7.0,False,True,8.0,True,barely readable,False,agent-v2.3
ORD-41946,2,8.0,8.0,False,True,8.0,True,clear photo,False,agent-v2.3
ORD-41953,2,7.0,7.0,False,True,7.0,True,mostly clear,False,agent-v2.3
ORD-41960,2,6.0,6.0,False,False,6.0,False,mostly clear,False,agent-v2.3
ORD-41967,2,8.0,8.0,False,True,8.0,True,clear photo,False,agent-v2.3
ORD-41974,2,8.0,8.0,False,True,8.0,True,barely readable,False,agent-v2.3
ORD-41981,2,,8.0,True,True,6.0,True,barely readable,False,agent-v2.3
ORD-41988,2,7.0,7.0,False,False,6.0,False,hard to read,False,agent-v2.3
ORD-41995,2,,,True,True,7.0,True,barely readable,False,agent-v2.3
ORD-42002,2,9.0,9.0,False,True,8.0,True,mostly clear,False,agent-v2.3
ORD-42009,2,,7.0,True,True,8.0,True,barely readable,False,agent-v2.3
ORD-42016,2,8.0,8.0,False,True,6.0,False,clear photo,True,agent-v2.3
ORD-42023,2,6.0,6.0,False,True,7.0,True,mostly clear,False,agent-v2.3
ORD-42030,2,5.0,5.0,False,True,7.0,True,clear photo,False,agent-v2.3
ORD-42037,2,7.0,7.0,False,True,5.0,False,barely readable,False,agent-v2.3
ORD-42044,2,10.0,10.0,False,False,9.0,False,clear photo,True,agent-v2.3
ORD-42051,2,8.0,8.0,False,True,7.0,True,clear photo,False,agent-v2.3
ORD-42058,2,8.0,8.0,False,True,7.0,True,barely readable,False,agent-v2.3
ORD-42065,2,7.0,7.0,False,True,8.0,True,hard to read,False,agent-v2.3
ORD-42072,2,,,True,False,5.0,False,barely readable,False,agent-v2.3
ORD-42079,2,,5.0,True,True,8.0,True,hard to read,False,agent-v2.3
ORD-42086,2,,,True,False,9.0,False,barely readable,True,agent-v2.3
ORD-42093,2,,7.0,True,True,9.0,True,barely readable,False,agent-v2.3
ORD-42100,2,5.0,5.0,False,True,7.0,True,mostly clear,False,agent-v2.2
ORD-42107,2,,6.0,True,False,5.0,False,barely readable,False,agent-v2.2
ORD-42114,2,8.0,8.0,False,True,7.0,True,barely readable,False,agent-v2.2
ORD-42121,2,10.0,10.0,False,True,10.0,False,hard to read,True,agent-v2.2
ORD-42128,2,4.0,4.0,False,False,6.0,False,barely readable,False,agent-v2.2
ORD-42135,2,8.0,8.0,False,True,9.0,True,clear photo,False,agent-v2.2
ORD-42142,2,7.0,7.0,False,True,6.0,True,clear photo,False,agent-v2.2
ORD-42149,2,5.0,5.0,False,False,5.0,False,clear photo,False,agent-v2.2
ORD-42156,2,,4.0,True,False,4.0,False,hard to read,False,agent-v2.2
ORD-42163,2,6.0,6.0,False,False,2.0,False,barely readable,False,agent-v2.2
ORD-42170,2,8.0,8.0,False,True,8.0,True,mostly clear,False,agent-v2.2
ORD-42177,2,4.0,4.0,False,True,2.0,False,clear photo,False,agent-v2.2
ORD-42184,2,6.0,6.0,False,False,7.0,False,hard to read,False,agent-v2.2
ORD-42191,2,9.0,9.0,False,True,10.0,True,hard to read,False,agent-v2.2
ORD-42198,2,5.0,5.0,False,True,7.0,True,hard to read,False,agent-v2.2
ORD-42205,2,6.0,6.0,False,False,6.0,False,hard to read,True,agent-v2.2
ORD-42212,2,,8.0,True,False,10.0,True,hard to read,False,agent-v2.2
ORD-42219,2,5.0,5.0,False,True,7.0,True,hard to read,False,agent-v2.2
ORD-42226,2,8.0,8.0,False,True,9.0,True,mostly clear,False,agent-v2.2
ORD-42233,2,7.0,7.0,False,False,6.0,False,mostly clear,True,agent-v2.2
ORD-42240,2,,,True,False,6.0,False,barely readable,False,agent-v2.2
ORD-42247,2,5.0,5.0,False,True,7.0,True,mostly clear,False,agent-v2.2
ORD-42254,2,6.0,6.0,False,False,4.0,False,hard to read,False,agent-v2.2
ORD-42261,2,8.0,8.0,False,True,6.0,False,mostly clear,True,agent-v2.2
ORD-42268,2,5.0,5.0,False,False,7.0,False,hard to read,False,agent-v2.2
ORD-42275,2,,6.0,True,True,6.0,False,mostly clear,False,agent-v2.2
ORD-42282,2,9.0,9.0,False,False,9.0,False,mostly clear,True,agent-v2.2
ORD-42289,2,,4.0,True,False,5.0,False,hard to read,False,agent-v2.2
ORD-42296,2,7.0,7.0,False,True,8.0,True,hard to read,False,agent-v2.2
ORD-42303,2,8.0,8.0,False,True,9.0,True,clear photo,False,agent-v2.2
ORD-42310,2,,,True,True,7.0,True,barely readable,False,agent-v2.2
ORD-42317,2,6.0,6.0,False,False,6.0,False,clear photo,False,agent-v2.2
ORD-42324,2,,6.0,True,False,6.0,False,mostly clear,False,agent-v2.2
ORD-42331,2,9.0,9.0,False,True,8.0,True,mostly clear,False,agent-v2.2
ORD-42338,2,4.0,4.0,False,False,4.0,False,clear photo,False,agent-v2.2
ORD-42345,2,10.0,10.0,False,False,9.0,False,clear photo,True,agent-v2.2
ORD-42352,2,6.0,6.0,False,True,7.0,True,hard to read,False,agent-v2.2
ORD-42359,2,8.0,8.0,False,True,8.0,True,clear photo,False,agent-v2.2
ORD-42366,2,6.0,6.0,False,True,6.0,True,clear photo,False,agent-v2.2
ORD-42373,2,7.0,7.0,False,True,7.0,True,mostly clear,False,agent-v2.2
ORD-42380,2,,6.0,True,True,9.0,True,barely readable,False,agent-v2.2
ORD-42387,2,5.0,5.0,False,False,6.0,False,clear photo,False,agent-v2.2
ORD-42394,2,,8.0,True,False,8.0,False,hard to read,True,agent-v2.2
ORD-42401,2,7.0,7.0,False,True,8.0,True,clear photo,False,agent-v2.2
ORD-42408,2,7.0,7.0,False,False,4.0,False,clear photo,True,agent-v2.2
ORD-42415,2,7.0,7.0,False,True,6.0,True,clear photo,False,agent-v2.2
ORD-42422,2,8.0,8.0,False,True,9.0,True,hard to read,False,agent-v2.2
ORD-42429,2,8.0,8.0,False,True,7.0,True,hard to read,False,agent-v2.2
ORD-42436,2,6.0,6.0,False,True,4.0,False,mostly clear,False,agent-v2.2
ORD-42443,2,10.0,10.0,False,False,9.0,False,clear photo,True,agent-v2.2
ORD-42450,2,,8.0,True,True,10.0,True,hard to read,False,agent-v2.2
ORD-42457,2,5.0,5.0,False,False,4.0,False,hard to read,False,agent-v2.2
ORD-42464,2,5.0,5.0,False,False,4.0,False,clear photo,False,agent-v2.2
ORD-42471,2,5.0,5.0,False,False,5.0,False,hard to read,False,agent-v2.2
ORD-42478,2,,7.0,True,True,8.0,True,barely readable,False,agent-v2.2
ORD-42485,2,7.0,7.0,False,False,7.0,False,hard to read,True,agent-v2.2
ORD-42492,2,6.0,6.0,False,True,6.0,True,mostly clear,False,agent-v2.2
ORD-42499,2,5.0,5.0,False,False,5.0,False,barely readable,False,agent-v2.2
ORD-42506,2,3.0,3.0,False,False,4.0,False,hard to read,False,agent-v2.2
ORD-42513,2,8.0,8.0,False,True,8.0,True,clear photo,False,agent-v2.2
ORD-42520,2,7.0,7.0,False,True,8.0,True,clear photo,False,agent-v2.2
ORD-42527,2,10.0,10.0,False,False,9.0,False,mostly clear,True,agent-v2.2
ORD-42534,2,,7.0,True,False,4.0,False,barely readable,False,agent-v2.2
ORD-42541,2,,5.0,True,False,3.0,False,barely readable,False,agent-v2.2
ORD-42548,2,4.0,4.0,False,False,3.0,False,mostly clear,False,agent-v2.2
ORD-42555,2,,6.0,True,True,10.0,True,barely readable,False,agent-v2.2
ORD-42562,2,10.0,10.0,False,True,9.0,True,mostly clear,False,agent-v2.2
ORD-42569,2,8.0,8.0,False,True,8.0,True,clear photo,False,agent-v2.2
ORD-42576,2,8.0,8.0,False,True,8.0,True,mostly clear,False,agent-v2.2
ORD-42583,2,5.0,5.0,False,True,4.0,False,clear photo,False,agent-v2.2
ORD-42590,2,4.0,4.0,False,False,3.0,False,hard to read,False,agent-v2.2
ORD-42597,2,6.0,6.0,False,True,7.0,True,mostly clear,False,agent-v2.2
ORD-42604,2,7.0,7.0,False,True,6.0,False,clear photo,False,agent-v2.2
ORD-42611,2,,,True,False,6.0,False,barely readable,False,agent-v2.2
ORD-42618,2,,6.0,True,True,7.0,True,hard to read,False,agent-v2.2
ORD-42625,2,7.0,7.0,False,True,6.0,True,clear photo,False,agent-v2.2
ORD-42632,2,6.0,6.0,False,True,7.0,True,mostly clear,False,agent-v2.2
ORD-42639,2,,6.0,True,False,3.0,False,hard to read,False,agent-v2.2
ORD-42646,2,7.0,7.0,False,True,6.0,True,clear photo,False,agent-v2.2
ORD-42653,2,,6.0,True,True,8.0,True,barely readable,False,agent-v2.2
ORD-42660,2,9.0,9.0,False,False,5.0,False,barely readable,True,agent-v2.2
ORD-42667,2,6.0,6.0,False,False,6.0,False,hard to read,True,agent-v2.2
ORD-42674,2,9.0,9.0,False,True,9.0,True,mostly clear,False,agent-v2.2
ORD-42681,2,7.0,7.0,False,False,6.0,False,clear photo,False,agent-v2.2
ORD-42688,2,7.0,7.0,False,True,7.0,True,clear photo,False,agent-v2.2
ORD-42695,2,7.0,7.0,False,False,5.0,False,mostly clear,False,agent-v2.2
ORD-42702,2,,7.0,True,True,6.0,True,clear photo,False,agent-v2.2
ORD-42709,2,9.0,9.0,False,True,8.0,True,barely readable,False,agent-v2.2
ORD-42716,2,8.0,8.0,False,True,9.0,True,mostly clear,False,agent-v2.2
ORD-42723,2,,4.0,True,False,5.0,False,hard to read,False,agent-v2.2
ORD-42730,2,5.0,5.0,False,False,4.0,False,clear photo,False,agent-v2.2
ORD-42737,2,,7.0,True,True,8.0,True,barely readable,False,agent-v2.2
ORD-42744,2,,9.0,True,False,8.0,False,barely readable,True,agent-v2.2
ORD-42751,2,,7.0,True,True,7.0,True,barely readable,False,agent-v2.2
ORD-42758,2,6.0,6.0,False,False,6.0,False,barely readable,False,agent-v2.2
ORD-42765,2,7.0,7.0,False,True,8.0,True,hard to read,False,agent-v2.2
ORD-42772,2,8.0,8.0,False,True,9.0,True,mostly clear,False,agent-v2.2
ORD-42779,2,,,True,True,9.0,True,barely readable,False,agent-v2.2
ORD-42786,2,6.0,6.0,False,True,7.0,True,mostly clear,False,agent-v2.2
ORD-42793,2,8.0,8.0,False,True,8.0,True,hard to read,False,agent-v2.2
ORD-42800,2,,3.0,True,False,6.0,False,barely readable,False,agent-v2.2
ORD-42807,2,7.0,7.0,False,True,7.0,True,hard to read,False,agent-v2.2
ORD-42814,2,5.0,5.0,False,True,7.0,True,barely readable,False,agent-v2.2
ORD-42821,2,8.0,8.0,False,False,7.0,False,clear photo,True,agent-v2.2
ORD-42828,2,5.0,5.0,False,True,6.0,False,hard to read,False,agent-v2.2
ORD-42835,2,6.0,6.0,False,False,7.0,False,clear photo,False,agent-v2.2
ORD-42842,2,7.0,7.0,False,False,5.0,False,barely readable,False,agent-v2.2
ORD-42849,2,6.0,6.0,False,False,4.0,False,hard to read,False,agent-v2.2
ORD-42856,2,10.0,10.0,False,False,8.0,True,mostly clear,False,agent-v2.2
ORD-42863,2,,8.0,True,True,10.0,True,hard to read,False,agent-v2.2
ORD-42870,2,4.0,4.0,False,False,7.0,False,barely readable,False,agent-v2.2
ORD-42877,2,7.0,7.0,False,False,4.0,False,barely readable,True,agent-v2.2
ORD-42884,2,6.0,6.0,False,True,7.0,True,hard to read,False,agent-v2.2
ORD-42891,2,,6.0,True,True,8.0,True,barely readable,False,agent-v2.2
ORD-42898,2,7.0,7.0,False,True,7.0,True,hard to read,False,agent-v2.2
ORD-42905,2,5.0,5.0,False,False,2.0,False,mostly clear,False,agent-v2.2
ORD-42912,2,6.0,6.0,False,True,8.0,True,hard to read,False,agent-v2.2
ORD-42919,2,,4.0,True,True,3.0,False,barely readable,False,agent-v2.2
ORD-42926,2,10.0,10.0,False,False,10.0,False,clear photo,True,agent-v2.2
ORD-42933,2,7.0,7.0,False,True,6.0,True,clear photo,False,agent-v2.2
ORD-42940,2,9.0,9.0,False,False,9.0,False,mostly clear,True,agent-v2.2
ORD-42947,2,8.0,8.0,False,True,8.0,True,hard to read,False,agent-v2.2
ORD-42954,2,6.0,6.0,False,False,4.0,False,hard to read,False,agent-v2.2
ORD-42961,2,7.0,7.0,False,True,6.0,True,clear photo,False,agent-v2.2
ORD-42968,2,5.0,5.0,False,False,6.0,False,mostly clear,False,agent-v2.2
ORD-42975,2,,8.0,True,True,7.0,False,hard to read,True,agent-v2.2
ORD-42982,2,5.0,5.0,False,False,4.0,False,hard to read,False,agent-v2.2
ORD-42989,2,7.0,7.0,False,True,8.0,True,clear photo,False,agent-v2.2
ORD-42996,2,8.0,8.0,False,True,6.0,True,clear photo,False,agent-v2.2
ORD-43003,2,8.0,8.0,False,False,6.0,False,hard to read,True,agent-v2.2
ORD-43010,2,,10.0,True,False,6.0,False,barely readable,False,agent-v2.2
ORD-43017,2,6.0,6.0,False,True,9.0,True,mostly clear,False,agent-v2.2
ORD-43024,2,8.0,8.0,False,True,8.0,True,mostly clear,False,agent-v2.2
ORD-43031,2,7.0,7.0,False,True,10.0,True,clear photo,False,agent-v2.2
ORD-43038,2,7.0,7.0,False,True,8.0,True,hard to read,False,agent-v2.2
ORD-43045,2,7.0,7.0,False,True,6.0,True,mostly clear,False,agent-v2.2
ORD-43052,2,,,True,True,7.0,True,barely readable,False,agent-v2.2
ORD-43059,2,5.0,5.0,False,False,6.0,False,clear photo,False,agent-v2.2
ORD-43066,2,,7.0,True,False,6.0,False,barely readable,False,agent-v2.2
ORD-43073,2,,7.0,True,True,8.0,True,barely readable,False,agent-v2.2
ORD-43080,2,8.0,8.0,False,True,6.0,True,mostly clear,False,agent-v2.2
ORD-43087,2,,9.0,True,True,5.0,False,barely readable,False,agent-v2.2
ORD-43094,2,,7.0,True,False,7.0,False,hard to read,False,agent-v2.2
ORD-43101,2,,5.0,True,False,5.0,False,hard to read,False,agent-v2.2
ORD-43108,2,8.0,8.0,False,True,8.0,True,clear photo,False,agent-v2.2
ORD-43115,2,5.0,5.0,False,False,3.0,False,clear photo,False,agent-v2.2
ORD-43122,2,7.0,7.0,False,True,8.0,True,clear photo,False,agent-v2.2
ORD-43129,2,4.0,4.0,False,False,5.0,False,mostly clear,False,agent-v2.2
ORD-43136,2,8.0,8.0,False,True,5.0,False,clear photo,True,agent-v2.2
ORD-43143,2,8.0,8.0,False,True,7.0,True,mostly clear,False,agent-v2.2
ORD-43150,2,5.0,5.0,False,False,4.0,False,hard to read,False,agent-v2.2
ORD-43157,2,8.0,8.0,False,False,6.0,False,mostly clear,True,agent-v2.2
ORD-43164,2,6.0,6.0,False,True,7.0,False,hard to read,False,agent-v2.2
ORD-43171,2,,8.0,True,False,6.0,False,barely readable,True,agent-v2.2
ORD-43178,2,8.0,8.0,False,True,8.0,True,barely readable,False,agent-v2.2
ORD-43185,2,,7.0,True,True,8.0,True,barely readable,False,agent-v2.2
ORD-43192,2,5.0,5.0,False,True,7.0,True,mostly clear,False,agent-v2.2
ORD-43199,2,9.0,9.0,False,True,7.0,True,mostly clear,False,agent-v2.2
ORD-43206,2,,5.0,True,True,7.0,True,barely readable,False,agent-v2.2
ORD-43213,2,6.0,6.0,False,False,7.0,False,mostly clear,False,agent-v2.2
ORD-43220,2,,5.0,True,False,4.0,False,barely readable,False,agent-v2.2
ORD-43227,2,7.0,7.0,False,True,6.0,True,mostly clear,False,agent-v2.2
ORD-43234,2,4.0,4.0,False,False,3.0,False,mostly clear,False,agent-v2.2
ORD-43241,2,9.0,9.0,False,False,7.0,False,hard to read,True,agent-v2.2
ORD-43248,2,9.0,9.0,False,True,9.0,True,clear photo,False,agent-v2.2
ORD-43255,2,7.0,7.0,False,True,7.0,True,mostly clear,False,agent-v2.2
ORD-43262,2,,5.0,True,True,6.0,True,hard to read,False,agent-v2.2
ORD-43269,2,8.0,8.0,False,True,8.0,True,clear photo,False,agent-v2.2
ORD-43276,2,6.0,6.0,False,True,7.0,True,clear photo,False,agent-v2.2
ORD-43283,2,6.0,6.0,False,False,7.0,False,barely readable,True,agent-v2.2
ORD-43290,2,6.0,6.0,False,True,9.0,True,hard to read,False,agent-v2.2
ORD-43297,2,9.0,9.0,False,False,7.0,False,mostly clear,True,agent-v2.2
ORD-43304,2,5.0,5.0,False,False,3.0,False,barely readable,False,agent-v2.2
ORD-43311,2,,3.0,True,False,2.0,False,barely readable,False,agent-v2.2
ORD-43318,2,6.0,6.0,False,True,8.0,True,mostly clear,False,agent-v2.2
ORD-43325,2,6.0,6.0,False,False,3.0,False,barely readable,False,agent-v2.2
ORD-43332,2,,7.0,True,False,3.0,False,hard to read,True,agent-v2.2
ORD-43339,2,6.0,6.0,False,False,6.0,False,hard to read,False,agent-v2.2
ORD-43346,2,7.0,7.0,False,False,4.0,False,barely readable,False,agent-v2.2
ORD-43353,2,6.0,6.0,False,True,7.0,True,barely readable,False,agent-v2.2
ORD-43360,2,8.0,8.0,False,True,7.0,True,clear photo,False,agent-v2.2
ORD-43367,2,5.0,5.0,False,False,5.0,False,barely readable,False,agent-v2.2
ORD-43374,2,7.0,7.0,False,True,8.0,True,hard to read,False,agent-v2.2
ORD-43381,2,5.0,5.0,False,False,8.0,True,barely readable,False,agent-v2.2
ORD-43388,2,,5.0,True,False,4.0,False,hard to read,False,agent-v2.2
ORD-43395,2,6.0,6.0,False,True,7.0,True,hard to read,False,agent-v2.2
ORD-43402,2,5.0,5.0,False,False,5.0,False,barely readable,False,agent-v2.2
ORD-43409,2,10.0,10.0,False,True,8.0,False,clear photo,True,agent-v2.2
ORD-43416,2,8.0,8.0,False,True,9.0,True,barely readable,False,agent-v2.2
ORD-43423,2,,5.0,True,True,7.0,True,barely readable,False,agent-v2.2
ORD-43430,2,8.0,8.0,False,False,7.0,False,mostly clear,True,agent-v2.2
ORD-43437,2,,9.0,True,False,5.0,False,barely readable,False,agent-v2.2
ORD-43444,2,6.0,6.0,False,True,8.0,True,hard to read,False,agent-v2.2
ORD-43451,2,9.0,9.0,False,True,9.0,False,mostly clear,True,agent-v2.2
ORD-43458,2,7.0,7.0,False,True,6.0,True,clear photo,False,agent-v2.2
ORD-43465,2,,5.0,True,False,4.0,False,barely readable,False,agent-v2.2
ORD-43472,2,5.0,5.0,False,False,6.0,False,clear photo,False,agent-v2.2
ORD-43479,2,8.0,8.0,False,False,5.0,False,mostly clear,True,agent-v2.2
ORD-43486,2,5.0,5.0,False,False,5.0,False,clear photo,True,agent-v2.2
ORD-43493,2,3.0,3.0,False,False,1.0,False,mostly clear,False,agent-v2.2
ORD-43500,2,,8.0,True,True,8.0,True,hard to read,False,agent-v2.2
ORD-43507,2,,,True,True,7.0,True,barely readable,False,agent-v2.2
ORD-43514,2,6.0,6.0,False,True,9.0,True,barely readable,False,agent-v2.2
ORD-43521,2,6.0,6.0,False,True,7.0,True,mostly clear,False,agent-v2.2
ORD-43528,2,6.0,6.0,False,True,7.0,True,clear photo,False,agent-v2.2
ORD-43535,2,5.0,5.0,False,True,7.0,True,hard to read,False,agent-v2.2
ORD-43542,2,4.0,4.0,False,False,5.0,False,clear photo,False,agent-v2.2
ORD-43549,2,,9.0,True,True,7.0,True,hard to read,False,agent-v2.2
ORD-43556,2,5.0,5.0,False,True,8.0,True,barely readable,False,agent-v2.2
ORD-43563,2,4.0,4.0,False,False,4.0,False,mostly clear,False,agent-v2.2
ORD-43570,2,8.0,8.0,False,False,7.0,False,mostly clear,True,agent-v2.2
ORD-43577,2,4.0,4.0,False,False,4.0,False,mostly clear,False,agent-v2.2
ORD-43584,2,9.0,9.0,False,True,9.0,False,clear photo,True,agent-v2.2
ORD-43591,2,6.0,6.0,False,False,3.0,False,mostly clear,False,agent-v2.2
ORD-43598,2,7.0,7.0,False,True,8.0,True,mostly clear,False,agent-v2.2
ORD-43605,2,7.0,7.0,False,True,7.0,True,mostly clear,False,agent-v2.2
ORD-43612,2,5.0,5.0,False,False,1.0,False,barely readable,False,agent-v2.2
ORD-43619,2,4.0,4.0,False,True,5.0,False,clear photo,False,agent-v2.2
ORD-43626,2,6.0,6.0,False,False,5.0,False,clear photo,True,agent-v2.2
ORD-43633,2,9.0,9.0,False,True,8.0,True,clear photo,False,agent-v2.2
ORD-43640,2,,8.0,True,True,8.0,True,barely readable,False,agent-v2.2
ORD-43647,2,5.0,5.0,False,False,4.0,False,hard to read,False,agent-v2.2
ORD-43654,2,9.0,9.0,False,True,7.0,False,hard to read,True,agent-v2.2
ORD-43661,2,,7.0,True,True,6.0,True,barely readable,False,agent-v2.2
ORD-43668,2,5.0,5.0,False,False,5.0,False,mostly clear,False,agent-v2.2
ORD-43675,2,6.0,6.0,False,True,5.0,True,mostly clear,False,agent-v2.2
ORD-43682,2,7.0,7.0,False,True,6.0,True,hard to read,False,agent-v2.2
ORD-43689,2,,6.0,True,True,6.0,True,barely readable,False,agent-v2.2
ORD-43696,2,9.0,9.0,False,True,10.0,True,clear photo,False,agent-v2.2
ORD-43703,2,7.0,7.0,False,True,7.0,True,clear photo,False,agent-v2.2
ORD-43710,2,7.0,7.0,False,True,6.0,True,clear photo,False,agent-v2.2
ORD-43717,2,5.0,5.0,False,True,5.0,False,mostly clear,False,agent-v2.2
ORD-43724,2,6.0,6.0,False,False,5.0,False,mostly clear,False,agent-v2.2
ORD-43731,2,5.0,5.0,False,True,4.0,False,barely readable,False,agent-v2.2
ORD-43738,2,,8.0,True,True,8.0,True,hard to read,False,agent-v2.2
ORD-43745,2,9.0,9.0,False,False,9.0,False,hard to read,True,agent-v2.2
ORD-43752,2,,,True,False,6.0,False,barely readable,False,agent-v2.2
ORD-43759,2,8.0,8.0,False,True,6.0,True,hard to read,False,agent-v2.2
ORD-43766,2,7.0,7.0,False,True,8.0,True,clear photo,False,agent-v2.2
ORD-43773,2,6.0,6.0,False,False,5.0,False,mostly clear,False,agent-v2.2
ORD-43780,2,,5.0,True,False,6.0,False,mostly clear,False,agent-v2.2
ORD-43787,2,5.0,5.0,False,True,5.0,True,barely readable,False,agent-v2.2
ORD-43794,2,5.0,5.0,False,True,6.0,True,clear photo,False,agent-v2.2
ORD-43801,2,4.0,4.0,False,False,4.0,False,barely readable,False,agent-v2.2
ORD-43808,2,8.0,8.0,False,True,9.0,True,mostly clear,False,agent-v2.2
ORD-43815,2,6.0,6.0,False,False,3.0,False,hard to read,False,agent-v2.2
ORD-43822,2,6.0,6.0,False,False,7.0,False,clear photo,False,agent-v2.2
ORD-43829,2,9.0,9.0,False,True,10.0,True,hard to read,False,agent-v2.2
ORD-43836,2,8.0,8.0,False,False,10.0,False,mostly clear,True,agent-v2.2
ORD-43843,2,9.0,9.0,False,True,10.0,True,hard to read,False,agent-v2.2
ORD-43850,2,,,True,False,5.0,False,barely readable,False,agent-v2.2
ORD-43857,2,7.0,7.0,False,True,7.0,True,hard to read,False,agent-v2.2
ORD-43864,2,6.0,6.0,False,True,6.0,True,clear photo,False,agent-v2.2
ORD-43871,2,8.0,8.0,False,False,6.0,False,clear photo,True,agent-v2.2
ORD-43878,2,8.0,8.0,False,True,6.0,False,mostly clear,True,agent-v2.2
ORD-43885,2,6.0,6.0,False,False,6.0,False,clear photo,False,agent-v2.2
ORD-43892,2,5.0,5.0,False,False,3.0,False,barely readable,False,agent-v2.2
ORD-43899,2,5.0,5.0,False,True,5.0,True,hard to read,False,agent-v2.2
ORD-43906,2,7.0,7.0,False,False,6.0,False,clear photo,False,agent-v2.2
ORD-43913,2,7.0,7.0,False,True,8.0,True,mostly clear,False,agent-v2.2
ORD-43920,2,10.0,10.0,False,True,10.0,True,barely readable,False,agent-v2.2
ORD-43927,2,8.0,8.0,False,True,9.0,True,clear photo,False,agent-v2.2
ORD-43934,2,3.0,3.0,False,False,3.0,False,clear photo,False,agent-v2.2
ORD-43941,2,5.0,5.0,False,False,7.0,False,mostly clear,False,agent-v2.2
ORD-43948,2,7.0,7.0,False,True,4.0,False,barely readable,False,agent-v2.2
ORD-43955,2,,5.0,True,True,6.0,True,barely readable,False,agent-v2.2
ORD-43962,2,8.0,8.0,False,True,9.0,True,mostly clear,False,agent-v2.2
ORD-43969,2,5.0,5.0,False,False,5.0,False,hard to read,False,agent-v2.2
ORD-43976,2,,8.0,True,True,7.0,True,hard to read,False,agent-v2.2
ORD-43983,2,7.0,7.0,False,True,9.0,True,mostly clear,False,agent-v2.2
ORD-43990,2,,,True,True,8.0,False,barely readable,True,agent-v2.2
ORD-43997,2,,6.0,True,False,3.0,False,barely readable,False,agent-v2.2
ORD-44004,2,6.0,6.0,False,True,6.0,False,mostly clear,False,agent-v2.2
ORD-44011,2,5.0,5.0,False,False,3.0,False,mostly clear,False,agent-v2.2
ORD-44018,2,6.0,6.0,False,False,4.0,False,clear photo,False,agent-v2.2
ORD-44025,2,6.0,6.0,False,False,6.0,False,clear photo,False,agent-v2.2
ORD-44032,2,6.0,6.0,False,True,8.0,True,hard to read,False,agent-v2.2
ORD-44039,2,5.0,5.0,False,False,5.0,False,clear photo,False,agent-v2.2
ORD-44046,2,8.0,8.0,False,False,8.0,True,mostly clear,False,agent-v2.2
ORD-44053,2,9.0,9.0,False,True,8.0,True,mostly clear,False,agent-v2.2
ORD-44060,2,9.0,9.0,False,False,5.0,False,hard to read,True,agent-v2.2
ORD-44067,2,6.0,6.0,False,True,7.0,True,mostly clear,False,agent-v2.2
ORD-44074,2,,8.0,True,True,8.0,True,barely readable,False,agent-v2.2
ORD-44081,2,9.0,9.0,False,True,8.0,True,mostly clear,False,agent-v2.2
ORD-44088,2,5.0,5.0,False,True,7.0,True,hard to read,False,agent-v2.2
ORD-44095,2,8.0,8.0,False,True,8.0,True,hard to read,False,agent-v2.2
ORD-44102,2,6.0,6.0,False,False,5.0,False,mostly clear,False,agent-v2.2
ORD-44109,2,,,True,False,8.0,False,barely readable,True,agent-v2.2
ORD-44116,2,,5.0,True,False,6.0,False,hard to read,False,agent-v2.2
ORD-44123,2,8.0,8.0,False,False,5.0,False,clear photo,True,agent-v2.2
ORD-44130,2,5.0,5.0,False,False,6.0,False,clear photo,False,agent-v2.2
ORD-44137,2,,,True,False,5.0,False,barely readable,False,agent-v2.2
ORD-44144,2,,,True,False,5.0,False,barely readable,False,agent-v2.2
ORD-44151,2,,8.0,True,True,7.0,True,hard to read,False,agent-v2.2
ORD-44158,2,7.0,7.0,False,True,8.0,True,hard to read,False,agent-v2.2
ORD-44165,2,,8.0,True,True,9.0,True,hard to read,False,agent-v2.2
ORD-44172,2,6.0,6.0,False,True,8.0,True,mostly clear,False,agent-v2.2
ORD-44179,2,,,True,True,5.0,False,barely readable,False,agent-v2.2
ORD-44186,2,8.0,8.0,False,True,8.0,True,hard to read,False,agent-v2.2
ORD-44193,2,9.0,9.0,False,False,7.0,False,clear photo,True,agent-v2.2
ORD-40000,3,7.0,7.0,False,True,7.0,True,mostly clear,False,agent-v2.3
ORD-40007,3,8.0,8.0,False,True,6.0,True,hard to read,False,agent-v2.3
ORD-40014,3,8.0,8.0,False,False,7.0,False,clear photo,True,agent-v2.3
ORD-40021,3,10.0,10.0,False,False,10.0,False,hard to read,True,agent-v2.3
ORD-40028,3,,7.0,True,True,7.0,True,hard to read,False,agent-v2.3
ORD-40035,3,7.0,7.0,False,False,6.0,False,clear photo,False,agent-v2.3
ORD-40042,3,7.0,7.0,False,False,6.0,False,barely readable,False,agent-v2.3
ORD-40049,3,,4.0,True,True,6.0,True,barely readable,False,agent-v2.3
ORD-40056,3,6.0,6.0,False,False,5.0,False,barely readable,False,agent-v2.3
ORD-40063,3,9.0,9.0,False,False,8.0,False,barely readable,True,agent-v2.3
ORD-40070,3,10.0,10.0,False,False,9.0,False,mostly clear,True,agent-v2.3
ORD-40077,3,,7.0,True,True,4.0,False,hard to read,False,agent-v2.3
ORD-40084,3,8.0,8.0,False,True,9.0,True,clear photo,False,agent-v2.3
ORD-40091,3,9.0,9.0,False,True,9.0,True,mostly clear,False,agent-v2.3
ORD-40098,3,,4.0,True,True,6.0,False,barely readable,False,agent-v2.3
ORD-40105,3,4.0,4.0,False,True,6.0,False,hard to read,False,agent-v2.3
ORD-40112,3,8.0,8.0,False,True,8.0,True,mostly clear,False,agent-v2.3
ORD-40119,3,,,True,True,7.0,True,barely readable,False,agent-v2.3
ORD-40126,3,7.0,7.0,False,True,9.0,True,mostly clear,False,agent-v2.3
ORD-40133,3,8.0,8.0,False,True,8.0,True,mostly clear,False,agent-v2.3
ORD-40140,3,,,True,False,4.0,False,barely readable,False,agent-v2.3
ORD-40147,3,5.0,5.0,False,True,8.0,True,barely readable,False,agent-v2.3
ORD-40154,3,7.0,7.0,False,False,4.0,False,barely readable,True,agent-v2.3
ORD-40161,3,7.0,7.0,False,False,4.0,False,hard to read,False,agent-v2.3
ORD-40168,3,8.0,8.0,False,True,9.0,True,hard to read,False,agent-v2.3
ORD-40175,3,8.0,8.0,False,True,9.0,True,clear photo,False,agent-v2.3
ORD-40182,3,8.0,8.0,False,False,8.0,True,hard to read,False,agent-v2.3
ORD-40189,3,7.0,7.0,False,False,6.0,False,hard to read,False,agent-v2.3
ORD-40196,3,5.0,5.0,False,False,4.0,False,hard to read,False,agent-v2.3
ORD-40203,3,7.0,7.0,False,True,6.0,True,hard to read,False,agent-v2.3
ORD-40210,3,7.0,7.0,False,True,8.0,True,clear photo,False,agent-v2.3
ORD-40217,3,6.0,6.0,False,True,8.0,True,mostly clear,False,agent-v2.3
ORD-40224,3,,,True,True,7.0,True,barely readable,False,agent-v2.3
ORD-40231,3,5.0,5.0,False,False,7.0,False,barely readable,False,agent-v2.3
ORD-40238,3,5.0,5.0,False,False,5.0,False,clear photo,False,agent-v2.3
ORD-40245,3,,5.0,True,False,7.0,False,hard to read,False,agent-v2.3
ORD-40252,3,5.0,5.0,False,True,4.0,False,mostly clear,False,agent-v2.3
ORD-40259,3,8.0,8.0,False,False,6.0,False,mostly clear,True,agent-v2.3
ORD-40266,3,,8.0,True,True,7.0,True,mostly clear,False,agent-v2.3
ORD-40273,3,5.0,5.0,False,True,6.0,True,hard to read,False,agent-v2.3
ORD-40280,3,7.0,7.0,False,True,6.0,True,mostly clear,False,agent-v2.3
ORD-40287,3,10.0,10.0,False,False,8.0,False,barely readable,True,agent-v2.3
ORD-40294,3,,6.0,True,False,10.0,False,barely readable,True,agent-v2.3
ORD-40301,3,8.0,8.0,False,True,7.0,True,barely readable,False,agent-v2.3
ORD-40308,3,8.0,8.0,False,False,10.0,False,hard to read,True,agent-v2.3
ORD-40315,3,8.0,8.0,False,False,8.0,False,mostly clear,True,agent-v2.3
ORD-40322,3,,5.0,True,False,5.0,False,clear photo,False,agent-v2.3
ORD-40329,3,,6.0,True,True,7.0,True,hard to read,False,agent-v2.3
ORD-40336,3,8.0,8.0,False,False,9.0,False,clear photo,True,agent-v2.3
ORD-40343,3,7.0,7.0,False,True,9.0,True,clear photo,False,agent-v2.3
ORD-40350,3,6.0,6.0,False,False,5.0,False,hard to read,False,agent-v2.3
ORD-40357,3,7.0,7.0,False,True,8.0,True,hard to read,False,agent-v2.3
ORD-40364,3,5.0,5.0,False,True,5.0,False,hard to read,False,agent-v2.3
ORD-40371,3,,8.0,True,True,6.0,True,clear photo,False,agent-v2.3
ORD-40378,3,5.0,5.0,False,False,4.0,False,barely readable,False,agent-v2.3
ORD-40385,3,,7.0,True,True,7.0,True,mostly clear,False,agent-v2.3
ORD-40392,3,5.0,5.0,False,False,5.0,False,barely readable,False,agent-v2.3
ORD-40399,3,7.0,7.0,False,True,7.0,True,barely readable,False,agent-v2.3
ORD-40406,3,6.0,6.0,False,True,7.0,True,mostly clear,False,agent-v2.3
ORD-40413,3,6.0,6.0,False,False,5.0,False,mostly clear,False,agent-v2.3
ORD-40420,3,5.0,5.0,False,False,5.0,False,hard to read,False,agent-v2.3
ORD-40427,3,7.0,7.0,False,True,7.0,False,mostly clear,False,agent-v2.3
ORD-40434,3,8.0,8.0,False,False,9.0,False,barely readable,True,agent-v2.3
ORD-40441,3,9.0,9.0,False,True,10.0,True,mostly clear,False,agent-v2.3
ORD-40448,3,9.0,9.0,False,False,8.0,False,mostly clear,True,agent-v2.3
ORD-40455,3,6.0,6.0,False,True,7.0,True,clear photo,False,agent-v2.3
ORD-40462,3,8.0,8.0,False,False,7.0,False,mostly clear,True,agent-v2.3
ORD-40469,3,7.0,7.0,False,True,6.0,True,mostly clear,False,agent-v2.3
ORD-40476,3,8.0,8.0,False,True,9.0,True,clear photo,False,agent-v2.3
ORD-40483,3,9.0,9.0,False,True,9.0,True,clear photo,False,agent-v2.3
ORD-40490,3,9.0,9.0,False,True,10.0,True,clear photo,False,agent-v2.3
ORD-40497,3,,,True,True,9.0,False,barely readable,True,agent-v2.3
ORD-40504,3,,7.0,True,True,6.0,False,barely readable,True,agent-v2.3
ORD-40511,3,5.0,5.0,False,False,3.0,False,hard to read,False,agent-v2.3
ORD-40518,3,6.0,6.0,False,False,6.0,True,clear photo,False,agent-v2.3
ORD-40525,3,9.0,9.0,False,True,10.0,True,clear photo,False,agent-v2.3
ORD-40532,3,7.0,7.0,False,True,8.0,True,mostly clear,False,agent-v2.3
ORD-40539,3,9.0,9.0,False,True,9.0,True,clear photo,False,agent-v2.3
ORD-40546,3,9.0,9.0,False,True,10.0,True,mostly clear,False,agent-v2.3
ORD-40553,3,,5.0,True,False,3.0,False,barely readable,False,agent-v2.3
ORD-40560,3,7.0,7.0,False,True,6.0,True,mostly clear,False,agent-v2.3
ORD-40567,3,7.0,7.0,False,False,4.0,False,mostly clear,False,agent-v2.3
ORD-40574,3,7.0,7.0,False,True,7.0,True,hard to read,False,agent-v2.3
ORD-40581,3,7.0,7.0,False,True,6.0,True,hard to read,False,agent-v2.3
ORD-40588,3,10.0,10.0,False,False,8.0,False,clear photo,True,agent-v2.3
ORD-40595,3,8.0,8.0,False,True,8.0,True,clear photo,False,agent-v2.3
ORD-40602,3,5.0,5.0,False,False,6.0,False,clear photo,False,agent-v2.3
ORD-40609,3,7.0,7.0,False,True,7.0,True,clear photo,False,agent-v2.3
ORD-40616,3,8.0,8.0,False,False,5.0,False,barely readable,False,agent-v2.3
ORD-40623,3,9.0,9.0,False,True,9.0,True,clear photo,False,agent-v2.3
ORD-40630,3,10.0,10.0,False,False,10.0,False,mostly clear,True,agent-v2.3
ORD-40637,3,6.0,6.0,False,True,7.0,True,mostly clear,False,agent-v2.3
ORD-40644,3,9.0,9.0,False,False,9.0,False,hard to read,True,agent-v2.3
ORD-40651,3,,8.0,True,True,7.0,True,hard to read,False,agent-v2.3
ORD-40658,3,7.0,7.0,False,True,8.0,True,clear photo,False,agent-v2.3
ORD-40665,3,9.0,9.0,False,True,8.0,True,barely readable,False,agent-v2.3
ORD-40672,3,10.0,10.0,False,False,10.0,False,mostly clear,True,agent-v2.3
ORD-40679,3,8.0,8.0,False,True,9.0,True,mostly clear,False,agent-v2.3
ORD-40686,3,5.0,5.0,False,True,6.0,False,clear photo,False,agent-v2.3
ORD-40693,3,,9.0,True,False,9.0,False,mostly clear,True,agent-v2.3
ORD-40700,3,6.0,6.0,False,True,7.0,True,clear photo,False,agent-v2.3
ORD-40707,3,,4.0,True,False,5.0,False,barely readable,False,agent-v2.3
ORD-40714,3,,9.0,True,False,8.0,False,hard to read,True,agent-v2.3
ORD-40721,3,7.0,7.0,False,True,7.0,False,clear photo,False,agent-v2.3
ORD-40728,3,5.0,5.0,False,False,3.0,False,mostly clear,False,agent-v2.3
ORD-40735,3,7.0,7.0,False,False,5.0,False,clear photo,True,agent-v2.3
ORD-40742,3,8.0,8.0,False,True,10.0,True,mostly clear,False,agent-v2.3
ORD-40749,3,4.0,4.0,False,False,4.0,False,mostly clear,False,agent-v2.3
ORD-40756,3,4.0,4.0,False,False,6.0,False,clear photo,False,agent-v2.3
ORD-40763,3,5.0,5.0,False,False,6.0,False,clear photo,False,agent-v2.3
ORD-40770,3,6.0,6.0,False,False,6.0,False,mostly clear,False,agent-v2.3
ORD-40777,3,7.0,7.0,False,True,7.0,True,clear photo,False,agent-v2.3
ORD-40784,3,9.0,9.0,False,True,9.0,True,clear photo,False,agent-v2.3
ORD-40791,3,8.0,8.0,False,False,6.0,False,hard to read,False,agent-v2.3
ORD-40798,3,7.0,7.0,False,True,7.0,True,clear photo,False,agent-v2.3
ORD-40805,3,7.0,7.0,False,True,8.0,True,hard to read,False,agent-v2.3
ORD-40812,3,,6.0,True,False,5.0,False,barely readable,False,agent-v2.3
ORD-40819,3,6.0,6.0,False,False,5.0,False,hard to read,False,agent-v2.3
ORD-40826,3,6.0,6.0,False,True,8.0,True,mostly clear,False,agent-v2.3
ORD-40833,3,8.0,8.0,False,True,6.0,True,barely readable,False,agent-v2.3
ORD-40840,3,,8.0,True,False,7.0,False,mostly clear,True,agent-v2.3
ORD-40847,3,,5.0,True,False,4.0,False,hard to read,False,agent-v2.3
ORD-40854,3,,,True,True,7.0,True,barely readable,False,agent-v2.3
ORD-40861,3,6.0,6.0,False,False,6.0,False,barely readable,False,agent-v2.3
ORD-40868,3,7.0,7.0,False,True,9.0,True,clear photo,False,agent-v2.3
ORD-40875,3,6.0,6.0,False,False,6.0,False,mostly clear,False,agent-v2.3
ORD-40882,3,8.0,8.0,False,True,9.0,True,mostly clear,False,agent-v2.3
ORD-40889,3,8.0,8.0,False,True,9.0,True,hard to read,False,agent-v2.3
ORD-40896,3,,7.0,True,False,2.0,False,barely readable,False,agent-v2.3
ORD-40903,3,,,True,False,4.0,False,barely readable,False,agent-v2.3
ORD-40910,3,,,True,True,9.0,True,barely readable,False,agent-v2.3
ORD-40917,3,8.0,8.0,False,True,8.0,True,hard to read,False,agent-v2.3
ORD-40924,3,7.0,7.0,False,True,9.0,True,hard to read,False,agent-v2.3
ORD-40931,3,7.0,7.0,False,True,7.0,True,mostly clear,False,agent-v2.3
ORD-40938,3,,,True,True,6.0,True,barely readable,False,agent-v2.3
ORD-40945,3,7.0,7.0,False,False,7.0,False,mostly clear,False,agent-v2.3
ORD-40952,3,7.0,7.0,False,False,6.0,False,barely readable,False,agent-v2.3
ORD-40959,3,8.0,8.0,False,True,8.0,True,clear photo,False,agent-v2.3
ORD-40966,3,5.0,5.0,False,False,4.0,False,hard to read,False,agent-v2.3
ORD-40973,3,7.0,7.0,False,True,8.0,True,clear photo,False,agent-v2.3
ORD-40980,3,7.0,7.0,False,True,7.0,True,clear photo,False,agent-v2.3
ORD-40987,3,8.0,8.0,False,True,6.0,False,mostly clear,True,agent-v2.3
ORD-40994,3,7.0,7.0,False,False,5.0,False,hard to read,False,agent-v2.3
ORD-41001,3,9.0,9.0,False,True,10.0,True,clear photo,False,agent-v2.3
ORD-41008,3,8.0,8.0,False,True,9.0,True,hard to read,False,agent-v2.3
ORD-41015,3,,7.0,True,True,6.0,True,barely readable,False,agent-v2.3
ORD-41022,3,7.0,7.0,False,True,5.0,True,barely readable,False,agent-v2.3
ORD-41029,3,5.0,5.0,False,True,7.0,True,clear photo,False,agent-v2.3
ORD-41036,3,8.0,8.0,False,False,8.0,False,clear photo,True,agent-v2.3
ORD-41043,3,7.0,7.0,False,True,9.0,True,clear photo,False,agent-v2.3
ORD-41050,3,9.0,9.0,False,True,10.0,True,hard to read,False,agent-v2.3
ORD-41057,3,8.0,8.0,False,True,10.0,True,clear photo,False,agent-v2.3
ORD-41064,3,5.0,5.0,False,False,6.0,False,mostly clear,False,agent-v2.3
ORD-41071,3,,8.0,True,True,10.0,True,hard to read,False,agent-v2.3
ORD-41078,3,,5.0,True,True,9.0,True,barely readable,False,agent-v2.3
ORD-41085,3,6.0,6.0,False,False,5.0,False,hard to read,True,agent-v2.3
ORD-41092,3,8.0,8.0,False,False,10.0,False,mostly clear,True,agent-v2.3
ORD-41099,3,7.0,7.0,False,True,8.0,True,clear photo,False,agent-v2.3
ORD-41106,3,5.0,5.0,False,False,4.0,False,clear photo,False,agent-v2.3
ORD-41113,3,9.0,9.0,False,True,9.0,True,hard to read,False,agent-v2.3
ORD-41120,3,7.0,7.0,False,False,8.0,True,hard to read,False,agent-v2.3
ORD-41127,3,8.0,8.0,False,True,4.0,False,hard to read,True,agent-v2.3
ORD-41134,3,8.0,8.0,False,True,7.0,True,mostly clear,False,agent-v2.3
ORD-41141,3,8.0,8.0,False,False,6.0,False,hard to read,True,agent-v2.3
ORD-41148,3,8.0,8.0,False,False,7.0,True,mostly clear,False,agent-v2.3
ORD-41155,3,9.0,9.0,False,True,10.0,True,clear photo,False,agent-v2.3
ORD-41162,3,7.0,7.0,False,False,7.0,True,clear photo,False,agent-v2.3
ORD-41169,3,8.0,8.0,False,True,9.0,True,clear photo,False,agent-v2.3
ORD-41176,3,8.0,8.0,False,True,10.0,True,hard to read,False,agent-v2.3
ORD-41183,3,8.0,8.0,False,True,7.0,True,mostly clear,False,agent-v2.3
ORD-41190,3,7.0,7.0,False,True,9.0,True,barely readable,False,agent-v2.3
ORD-41197,3,6.0,6.0,False,True,7.0,True,hard to read,False,agent-v2.3
ORD-41204,3,,4.0,True,True,8.0,True,barely readable,False,agent-v2.3
ORD-41211,3,,7.0,True,False,8.0,True,barely readable,False,agent-v2.3
ORD-41218,3,,6.0,True,False,6.0,False,barely readable,True,agent-v2.3
ORD-41225,3,10.0,10.0,False,False,9.0,False,mostly clear,True,agent-v2.3
ORD-41232,3,,7.0,True,True,7.0,True,barely readable,False,agent-v2.3
ORD-41239,3,7.0,7.0,False,True,7.0,True,clear photo,False,agent-v2.3
ORD-41246,3,6.0,6.0,False,True,6.0,False,mostly clear,False,agent-v2.3
ORD-41253,3,5.0,5.0,False,False,4.0,False,mostly clear,False,agent-v2.3
ORD-41260,3,8.0,8.0,False,True,8.0,True,clear photo,False,agent-v2.3
ORD-41267,3,8.0,8.0,False,False,9.0,False,hard to read,True,agent-v2.3
ORD-41274,3,8.0,8.0,False,True,8.0,True,clear photo,False,agent-v2.3
ORD-41281,3,7.0,7.0,False,True,10.0,True,mostly clear,False,agent-v2.3
ORD-41288,3,,6.0,True,True,5.0,False,mostly clear,False,agent-v2.3
ORD-41295,3,7.0,7.0,False,False,6.0,False,hard to read,False,agent-v2.3
ORD-41302,3,7.0,7.0,False,True,9.0,True,clear photo,False,agent-v2.3
ORD-41309,3,5.0,5.0,False,True,9.0,True,hard to read,False,agent-v2.3
ORD-41316,3,7.0,7.0,False,True,9.0,True,mostly clear,False,agent-v2.3
ORD-41323,3,6.0,6.0,False,False,4.0,False,clear photo,False,agent-v2.3
ORD-41330,3,6.0,6.0,False,False,6.0,False,clear photo,False,agent-v2.3
ORD-41337,3,6.0,6.0,False,False,5.0,False,mostly clear,False,agent-v2.3
ORD-41344,3,5.0,5.0,False,False,4.0,False,barely readable,False,agent-v2.3
ORD-41351,3,8.0,8.0,False,True,9.0,False,hard to read,True,agent-v2.3
ORD-41358,3,8.0,8.0,False,True,7.0,True,mostly clear,False,agent-v2.3
ORD-41365,3,7.0,7.0,False,True,8.0,True,mostly clear,False,agent-v2.3
ORD-41372,3,7.0,7.0,False,True,8.0,True,mostly clear,False,agent-v2.3
ORD-41379,3,8.0,8.0,False,True,9.0,True,hard to read,False,agent-v2.3
ORD-41386,3,7.0,7.0,False,False,7.0,True,clear photo,False,agent-v2.3
ORD-41393,3,,,True,True,9.0,True,barely readable,False,agent-v2.3
ORD-41400,3,6.0,6.0,False,False,6.0,False,clear photo,False,agent-v2.3
ORD-41407,3,7.0,7.0,False,True,8.0,True,mostly clear,False,agent-v2.3
ORD-41414,3,9.0,9.0,False,True,5.0,False,barely readable,False,agent-v2.3
ORD-41421,3,,9.0,True,True,10.0,True,hard to read,False,agent-v2.3
ORD-41428,3,9.0,9.0,False,True,10.0,True,clear photo,False,agent-v2.3
ORD-41435,3,6.0,6.0,False,True,8.0,True,mostly clear,False,agent-v2.3
ORD-41442,3,7.0,7.0,False,True,7.0,True,barely readable,False,agent-v2.3
ORD-41449,3,8.0,8.0,False,True,8.0,True,clear photo,False,agent-v2.3
ORD-41456,3,6.0,6.0,False,False,6.0,False,clear photo,False,agent-v2.3
ORD-41463,3,7.0,7.0,False,True,8.0,True,mostly clear,False,agent-v2.3
ORD-41470,3,7.0,7.0,False,True,7.0,True,barely readable,False,agent-v2.3
ORD-41477,3,8.0,8.0,False,True,7.0,True,hard to read,False,agent-v2.3
ORD-41484,3,7.0,7.0,False,False,5.0,False,mostly clear,True,agent-v2.3
ORD-41491,3,5.0,5.0,False,False,7.0,False,mostly clear,False,agent-v2.3
ORD-41498,3,7.0,7.0,False,True,9.0,True,mostly clear,False,agent-v2.3
ORD-41505,3,8.0,8.0,False,True,9.0,True,hard to read,False,agent-v2.3
ORD-41512,3,,8.0,True,False,9.0,False,barely readable,True,agent-v2.3
ORD-41519,3,8.0,8.0,False,True,5.0,True,clear photo,False,agent-v2.3
ORD-41526,3,8.0,8.0,False,True,7.0,True,hard to read,False,agent-v2.3
ORD-41533,3,7.0,7.0,False,True,6.0,False,barely readable,False,agent-v2.3
ORD-41540,3,6.0,6.0,False,True,7.0,True,hard to read,False,agent-v2.3
ORD-41547,3,7.0,7.0,False,True,6.0,True,hard to read,False,agent-v2.3
ORD-41554,3,7.0,7.0,False,True,6.0,True,barely readable,False,agent-v2.3
ORD-41561,3,8.0,8.0,False,True,8.0,True,mostly clear,False,agent-v2.3
ORD-41568,3,8.0,8.0,False,True,7.0,True,hard to read,False,agent-v2.3
ORD-41575,3,6.0,6.0,False,True,6.0,True,hard to read,False,agent-v2.3
ORD-41582,3,9.0,9.0,False,True,8.0,True,mostly clear,False,agent-v2.3
ORD-41589,3,4.0,4.0,False,False,5.0,False,hard to read,False,agent-v2.3
ORD-41596,3,6.0,6.0,False,True,8.0,True,clear photo,False,agent-v2.3
ORD-41603,3,8.0,8.0,False,False,4.0,False,hard to read,True,agent-v2.3
ORD-41610,3,8.0,8.0,False,True,7.0,True,clear photo,False,agent-v2.3
ORD-41617,3,10.0,10.0,False,True,8.0,True,barely readable,False,agent-v2.3
ORD-41624,3,6.0,6.0,False,False,7.0,False,barely readable,False,agent-v2.3
ORD-41631,3,7.0,7.0,False,True,8.0,True,clear photo,False,agent-v2.3
ORD-41638,3,7.0,7.0,False,False,5.0,False,barely readable,False,agent-v2.3
ORD-41645,3,,7.0,True,True,8.0,True,barely readable,False,agent-v2.3
ORD-41652,3,8.0,8.0,False,True,7.0,True,hard to read,False,agent-v2.3
ORD-41659,3,5.0,5.0,False,True,6.0,True,barely readable,False,agent-v2.3
ORD-41666,3,,,True,True,6.0,True,barely readable,False,agent-v2.3
ORD-41673,3,7.0,7.0,False,True,9.0,True,mostly clear,False,agent-v2.3
ORD-41680,3,,9.0,True,False,6.0,False,barely readable,False,agent-v2.3
ORD-41687,3,8.0,8.0,False,True,9.0,True,clear photo,False,agent-v2.3
ORD-41694,3,,7.0,True,True,9.0,True,barely readable,False,agent-v2.3
ORD-41701,3,8.0,8.0,False,False,5.0,False,clear photo,True,agent-v2.3
ORD-41708,3,4.0,4.0,False,False,4.0,False,hard to read,False,agent-v2.3
ORD-41715,3,10.0,10.0,False,True,10.0,True,clear photo,False,agent-v2.3
ORD-41722,3,7.0,7.0,False,True,7.0,True,clear photo,False,agent-v2.3
ORD-41729,3,8.0,8.0,False,True,8.0,True,mostly clear,False,agent-v2.3
ORD-41736,3,,8.0,True,True,10.0,True,hard to read,False,agent-v2.3
ORD-41743,3,7.0,7.0,False,True,7.0,True,barely readable,False,agent-v2.3
ORD-41750,3,7.0,7.0,False,True,7.0,True,mostly clear,False,agent-v2.3
ORD-41757,3,8.0,8.0,False,True,9.0,True,clear photo,False,agent-v2.3
ORD-41764,3,7.0,7.0,False,True,9.0,True,barely readable,False,agent-v2.3
ORD-41771,3,10.0,10.0,False,True,6.0,False,barely readable,True,agent-v2.3
ORD-41778,3,10.0,10.0,False,False,10.0,False,clear photo,True,agent-v2.3
ORD-41785,3,,7.0,True,True,4.0,False,barely readable,False,agent-v2.3
ORD-41792,3,8.0,8.0,False,True,7.0,True,hard to read,False,agent-v2.3
ORD-41799,3,,5.0,True,False,6.0,False,hard to read,False,agent-v2.3
ORD-41806,3,7.0,7.0,False,False,7.0,True,clear photo,False,agent-v2.3
ORD-41813,3,5.0,5.0,False,True,5.0,False,clear photo,False,agent-v2.3
ORD-41820,3,6.0,6.0,False,False,4.0,False,hard to read,False,agent-v2.3
ORD-41827,3,,5.0,True,True,8.0,True,hard to read,False,agent-v2.3
ORD-41834,3,8.0,8.0,False,True,9.0,True,clear photo,False,agent-v2.3
ORD-41841,3,7.0,7.0,False,True,7.0,True,mostly clear,False,agent-v2.3
ORD-41848,3,,5.0,True,False,4.0,False,hard to read,False,agent-v2.3
ORD-41855,3,3.0,3.0,False,False,4.0,False,mostly clear,False,agent-v2.3
ORD-41862,3,6.0,6.0,False,True,6.0,True,hard to read,False,agent-v2.3
ORD-41869,3,,5.0,True,False,6.0,False,barely readable,False,agent-v2.3
ORD-41876,3,,,True,False,5.0,False,barely readable,False,agent-v2.3
ORD-41883,3,7.0,7.0,False,True,5.0,False,barely readable,False,agent-v2.3
ORD-41890,3,7.0,7.0,False,False,7.0,True,mostly clear,False,agent-v2.3
ORD-41897,3,10.0,10.0,False,False,9.0,False,clear photo,True,agent-v2.3
ORD-41904,3,5.0,5.0,False,False,5.0,False,barely readable,False,agent-v2.3
ORD-41911,3,9.0,9.0,False,True,5.0,False,mostly clear,True,agent-v2.3
ORD-41918,3,8.0,8.0,False,True,6.0,True,clear photo,False,agent-v2.3
ORD-41925,3,6.0,6.0,False,True,7.0,True,mostly clear,False,agent-v2.3
ORD-41932,3,,,True,False,4.0,False,barely readable,False,agent-v2.3
ORD-41939,3,6.0,6.0,False,True,8.0,True,barely readable,False,agent-v2.3
ORD-41946,3,7.0,7.0,False,True,8.0,True,clear photo,False,agent-v2.3
ORD-41953,3,6.0,6.0,False,False,7.0,True,mostly clear,False,agent-v2.3
ORD-41960,3,6.0,6.0,False,False,6.0,False,mostly clear,False,agent-v2.3
ORD-41967,3,8.0,8.0,False,True,8.0,True,clear photo,False,agent-v2.3
ORD-41974,3,,8.0,True,True,8.0,True,barely readable,False,agent-v2.3
ORD-41981,3,,6.0,True,True,6.0,True,barely readable,False,agent-v2.3
ORD-41988,3,5.0,5.0,False,False,6.0,False,hard to read,False,agent-v2.3
ORD-41995,3,6.0,6.0,False,False,7.0,True,barely readable,False,agent-v2.3
ORD-42002,3,8.0,8.0,False,True,8.0,True,mostly clear,False,agent-v2.3
ORD-42009,3,8.0,8.0,False,True,8.0,True,barely readable,False,agent-v2.3
ORD-42016,3,8.0,8.0,False,False,6.0,False,clear photo,True,agent-v2.3
ORD-42023,3,,7.0,True,True,7.0,True,mostly clear,False,agent-v2.3
ORD-42030,3,5.0,5.0,False,True,7.0,True,clear photo,False,agent-v2.3
ORD-42037,3,,6.0,True,True,5.0,False,barely readable,False,agent-v2.3
ORD-42044,3,8.0,8.0,False,False,9.0,False,clear photo,True,agent-v2.3
ORD-42051,3,8.0,8.0,False,True,7.0,True,clear photo,False,agent-v2.3
ORD-42058,3,,8.0,True,True,7.0,True,barely readable,False,agent-v2.3
ORD-42065,3,8.0,8.0,False,True,8.0,True,hard to read,False,agent-v2.3
ORD-42072,3,,5.0,True,False,5.0,False,barely readable,False,agent-v2.3
ORD-42079,3,8.0,8.0,False,True,8.0,True,hard to read,False,agent-v2.3
ORD-42086,3,,,True,False,9.0,False,barely readable,True,agent-v2.3
ORD-42093,3,,,True,True,9.0,True,barely readable,False,agent-v2.3
ORD-42100,3,6.0,6.0,False,True,7.0,True,mostly clear,False,agent-v2.2
ORD-42107,3,7.0,7.0,False,False,5.0,False,barely readable,False,agent-v2.2
ORD-42114,3,,,True,True,7.0,True,barely readable,False,agent-v2.2
ORD-42121,3,,10.0,True,True,10.0,False,hard to read,True,agent-v2.2
ORD-42128,3,6.0,6.0,False,False,6.0,False,barely readable,False,agent-v2.2
ORD-42135,3,8.0,8.0,False,True,9.0,True,clear photo,False,agent-v2.2
ORD-42142,3,8.0,8.0,False,True,6.0,True,clear photo,False,agent-v2.2
ORD-42149,3,5.0,5.0,False,False,5.0,False,clear photo,False,agent-v2.2
ORD-42156,3,4.0,4.0,False,True,4.0,False,hard to read,False,agent-v2.2
ORD-42163,3,,6.0,True,False,2.0,False,barely readable,False,agent-v2.2
ORD-42170,3,6.0,6.0,False,True,8.0,True,mostly clear,False,agent-v2.2
ORD-42177,3,4.0,4.0,False,False,2.0,False,clear photo,False,agent-v2.2
ORD-42184,3,,4.0,True,False,7.0,False,hard to read,False,agent-v2.2
ORD-42191,3,7.0,7.0,False,True,10.0,True,hard to read,False,agent-v2.2
ORD-42198,3,7.0,7.0,False,False,7.0,True,hard to read,False,agent-v2.2
ORD-42205,3,8.0,8.0,False,False,6.0,False,hard to read,True,agent-v2.2
ORD-42212,3,,8.0,True,True,10.0,True,hard to read,False,agent-v2.2
ORD-42219,3,4.0,4.0,False,True,7.0,True,hard to read,False,agent-v2.2
ORD-42226,3,7.0,7.0,False,True,9.0,True,mostly clear,False,agent-v2.2
ORD-42233,3,7.0,7.0,False,False,6.0,False,mostly clear,True,agent-v2.2
ORD-42240,3,,,True,True,6.0,False,barely readable,False,agent-v2.2
ORD-42247,3,,7.0,True,True,7.0,True,mostly clear,False,agent-v2.2
ORD-42254,3,5.0,5.0,False,False,4.0,False,hard to read,False,agent-v2.2
ORD-42261,3,8.0,8.0,False,False,6.0,False,mostly clear,True,agent-v2.2
ORD-42268,3,6.0,6.0,False,True,7.0,False,hard to read,False,agent-v2.2
ORD-42275,3,6.0,6.0,False,False,6.0,False,mostly clear,False,agent-v2.2
ORD-42282,3,10.0,10.0,False,False,9.0,False,mostly clear,True,agent-v2.2
ORD-42289,3,5.0,5.0,False,False,5.0,False,hard to read,False,agent-v2.2
ORD-42296,3,9.0,9.0,False,True,8.0,True,hard to read,False,agent-v2.2
ORD-42303,3,8.0,8.0,False,True,9.0,True,clear photo,False,agent-v2.2
ORD-42310,3,,,True,True,7.0,True,barely readable,False,agent-v2.2
ORD-42317,3,6.0,6.0,False,True,6.0,False,clear photo,False,agent-v2.2
ORD-42324,3,4.0,4.0,False,False,6.0,False,mostly clear,False,agent-v2.2
ORD-42331,3,,9.0,True,True,8.0,True,mostly clear,False,agent-v2.2
ORD-42338,3,5.0,5.0,False,False,4.0,False,clear photo,False,agent-v2.2
ORD-42345,3,10.0,10.0,False,False,9.0,False,clear photo,True,agent-v2.2
ORD-42352,3,6.0,6.0,False,True,7.0,True,hard to read,False,agent-v2.2
ORD-42359,3,8.0,8.0,False,True,8.0,True,clear photo,False,agent-v2.2
ORD-42366,3,6.0,6.0,False,True,6.0,True,clear photo,False,agent-v2.2
ORD-42373,3,6.0,6.0,False,True,7.0,True,mostly clear,False,agent-v2.2
ORD-42380,3,,,True,True,9.0,True,barely readable,False,agent-v2.2
ORD-42387,3,6.0,6.0,False,False,6.0,False,clear photo,False,agent-v2.2
ORD-42394,3,8.0,8.0,False,False,8.0,False,hard to read,True,agent-v2.2
ORD-42401,3,8.0,8.0,False,True,8.0,True,clear photo,False,agent-v2.2
ORD-42408,3,5.0,5.0,False,True,4.0,False,clear photo,True,agent-v2.2
ORD-42415,3,6.0,6.0,False,True,6.0,True,clear photo,False,agent-v2.2
ORD-42422,3,9.0,9.0,False,True,9.0,True,hard to read,False,agent-v2.2
ORD-42429,3,,9.0,True,True,7.0,True,hard to read,False,agent-v2.2
ORD-42436,3,6.0,6.0,False,True,4.0,False,mostly clear,False,agent-v2.2
ORD-42443,3,10.0,10.0,False,False,9.0,False,clear photo,True,agent-v2.2
ORD-42450,3,8.0,8.0,False,True,10.0,True,hard to read,False,agent-v2.2
ORD-42457,3,,6.0,True,False,4.0,False,hard to read,False,agent-v2.2
ORD-42464,3,5.0,5.0,False,False,4.0,False,clear photo,False,agent-v2.2
ORD-42471,3,3.0,3.0,False,False,5.0,False,hard to read,False,agent-v2.2
ORD-42478,3,4.0,4.0,False,True,8.0,True,barely readable,False,agent-v2.2
ORD-42485,3,7.0,7.0,False,False,7.0,False,hard to read,True,agent-v2.2
ORD-42492,3,7.0,7.0,False,False,6.0,True,mostly clear,False,agent-v2.2
ORD-42499,3,5.0,5.0,False,False,5.0,False,barely readable,False,agent-v2.2
ORD-42506,3,5.0,5.0,False,False,4.0,False,hard to read,False,agent-v2.2
ORD-42513,3,8.0,8.0,False,False,8.0,True,clear photo,False,agent-v2.2
ORD-42520,3,8.0,8.0,False,True,8.0,True,clear photo,False,agent-v2.2
ORD-42527,3,10.0,10.0,False,False,9.0,False,mostly clear,True,agent-v2.2
ORD-42534,3,,,True,False,4.0,False,barely readable,False,agent-v2.2
ORD-42541,3,,,True,False,3.0,False,barely readable,False,agent-v2.2
ORD-42548,3,5.0,5.0,False,False,3.0,False,mostly clear,False,agent-v2.2
ORD-42555,3,,4.0,True,True,10.0,True,barely readable,False,agent-v2.2
ORD-42562,3,9.0,9.0,False,True,9.0,True,mostly clear,False,agent-v2.2
ORD-42569,3,8.0,8.0,False,True,8.0,True,clear photo,False,agent-v2.2
ORD-42576,3,7.0,7.0,False,True,8.0,True,mostly clear,False,agent-v2.2
ORD-42583,3,4.0,4.0,False,False,4.0,False,clear photo,False,agent-v2.2
ORD-42590,3,5.0,5.0,False,False,3.0,False,hard to read,False,agent-v2.2
ORD-42597,3,6.0,6.0,False,True,7.0,True,mostly clear,False,agent-v2.2
ORD-42604,3,5.0,5.0,False,False,6.0,False,clear photo,False,agent-v2.2
ORD-42611,3,6.0,6.0,False,False,6.0,False,barely readable,False,agent-v2.2
ORD-42618,3,6.0,6.0,False,True,7.0,True,hard to read,False,agent-v2.2
ORD-42625,3,7.0,7.0,False,True,6.0,True,clear photo,False,agent-v2.2
ORD-42632,3,7.0,7.0,False,True,7.0,True,mostly clear,False,agent-v2.2
ORD-42639,3,,6.0,True,True,3.0,False,hard to read,False,agent-v2.2
ORD-42646,3,7.0,7.0,False,True,6.0,True,clear photo,False,agent-v2.2
ORD-42653,3,5.0,5.0,False,True,8.0,True,barely readable,False,agent-v2.2
ORD-42660,3,9.0,9.0,False,True,5.0,False,barely readable,True,agent-v2.2
ORD-42667,3,8.0,8.0,False,False,6.0,False,hard to read,True,agent-v2.2
ORD-42674,3,9.0,9.0,False,True,9.0,True,mostly clear,False,agent-v2.2
ORD-42681,3,6.0,6.0,False,False,6.0,False,clear photo,False,agent-v2.2
ORD-42688,3,6.0,6.0,False,True,7.0,True,clear photo,False,agent-v2.2
ORD-42695,3,7.0,7.0,False,True,5.0,False,mostly clear,False,agent-v2.2
ORD-42702,3,6.0,6.0,False,True,6.0,True,clear photo,False,agent-v2.2
ORD-42709,3,7.0,7.0,False,True,8.0,True,barely readable,False,agent-v2.2
ORD-42716,3,7.0,7.0,False,True,9.0,True,mostly clear,False,agent-v2.2
ORD-42723,3,6.0,6.0,False,False,5.0,False,hard to read,False,agent-v2.2
ORD-42730,3,4.0,4.0,False,False,4.0,False,clear photo,False,agent-v2.2
ORD-42737,3,7.0,7.0,False,True,8.0,True,barely readable,False,agent-v2.2
ORD-42744,3,,8.0,True,False,8.0,False,barely readable,True,agent-v2.2
ORD-42751,3,,,True,True,7.0,True,barely readable,False,agent-v2.2
ORD-42758,3,,5.0,True,True,6.0,False,barely readable,False,agent-v2.2
ORD-42765,3,6.0,6.0,False,True,8.0,True,hard to read,False,agent-v2.2
ORD-42772,3,8.0,8.0,False,True,9.0,True,mostly clear,False,agent-v2.2
ORD-42779,3,,6.0,True,True,9.0,True,barely readable,False,agent-v2.2
ORD-42786,3,7.0,7.0,False,True,7.0,True,mostly clear,False,agent-v2.2
ORD-42793,3,9.0,9.0,False,True,8.0,True,hard to read,False,agent-v2.2
ORD-42800,3,,8.0,True,False,6.0,False,barely readable,False,agent-v2.2
ORD-42807,3,7.0,7.0,False,True,7.0,True,hard to read,False,agent-v2.2
ORD-42814,3,8.0,8.0,False,True,7.0,True,barely readable,False,agent-v2.2
ORD-42821,3,9.0,9.0,False,False,7.0,False,clear photo,True,agent-v2.2
ORD-42828,3,,7.0,True,False,6.0,False,hard to read,False,agent-v2.2
ORD-42835,3,,6.0,True,False,7.0,False,clear photo,False,agent-v2.2
ORD-42842,3,6.0,6.0,False,False,5.0,False,barely readable,False,agent-v2.2
ORD-42849,3,5.0,5.0,False,False,4.0,False,hard to read,False,agent-v2.2
ORD-42856,3,9.0,9.0,False,True,8.0,True,mostly clear,False,agent-v2.2
ORD-42863,3,,,True,True,10.0,True,hard to read,False,agent-v2.2
ORD-42870,3,,7.0,True,False,7.0,False,barely readable,False,agent-v2.2
ORD-42877,3,,5.0,True,False,4.0,False,barely readable,True,agent-v2.2
ORD-42884,3,6.0,6.0,False,True,7.0,True,hard to read,False,agent-v2.2
ORD-42891,3,,4.0,True,True,8.0,True,barely readable,False,agent-v2.2
ORD-42898,3,6.0,6.0,False,True,7.0,True,hard to read,False,agent-v2.2
ORD-42905,3,,4.0,True,True,2.0,False,mostly clear,False,agent-v2.2
ORD-42912,3,5.0,5.0,False,True,8.0,True,hard to read,False,agent-v2.2
ORD-42919,3,4.0,4.0,False,False,3.0,False,barely readable,False,agent-v2.2
ORD-42926,3,8.0,8.0,False,False,10.0,False,clear photo,True,agent-v2.2
ORD-42933,3,7.0,7.0,False,True,6.0,True,clear photo,False,agent-v2.2
ORD-42940,3,10.0,10.0,False,False,9.0,False,mostly clear,True,agent-v2.2
ORD-42947,3,6.0,6.0,False,True,8.0,True,hard to read,False,agent-v2.2
ORD-42954,3,6.0,6.0,False,False,4.0,False,hard to read,False,agent-v2.2
ORD-42961,3,6.0,6.0,False,True,6.0,True,clear photo,False,agent-v2.2
ORD-42968,3,4.0,4.0,False,False,6.0,False,mostly clear,False,agent-v2.2
ORD-42975,3,,7.0,True,True,7.0,False,hard to read,True,agent-v2.2
ORD-42982,3,6.0,6.0,False,False,4.0,False,hard to read,False,agent-v2.2
ORD-42989,3,7.0,7.0,False,True,8.0,True,clear photo,False,agent-v2.2
ORD-42996,3,9.0,9.0,False,True,6.0,True,clear photo,False,agent-v2.2
ORD-43003,3,,7.0,True,True,6.0,False,hard to read,True,agent-v2.2
ORD-43010,3,,5.0,True,False,6.0,False,barely readable,False,agent-v2.2
ORD-43017,3,,8.0,True,True,9.0,True,mostly clear,False,agent-v2.2
ORD-43024,3,8.0,8.0,False,True,8.0,True,mostly clear,False,agent-v2.2
ORD-43031,3,7.0,7.0,False,True,10.0,True,clear photo,False,agent-v2.2
ORD-43038,3,7.0,7.0,False,True,8.0,True,hard to read,False,agent-v2.2
ORD-43045,3,8.0,8.0,False,True,6.0,True,mostly clear,False,agent-v2.2
ORD-43052,3,,5.0,True,True,7.0,True,barely readable,False,agent-v2.2
ORD-43059,3,5.0,5.0,False,False,6.0,False,clear photo,False,agent-v2.2
ORD-43066,3,7.0,7.0,False,False,6.0,False,barely readable,False,agent-v2.2
ORD-43073,3,,8.0,True,True,8.0,True,barely readable,False,agent-v2.2
ORD-43080,3,7.0,7.0,False,True,6.0,True,mostly clear,False,agent-v2.2
ORD-43087,3,6.0,6.0,False,False,5.0,False,barely readable,False,agent-v2.2
ORD-43094,3,5.0,5.0,False,False,7.0,False,hard to read,False,agent-v2.2
ORD-43101,3,7.0,7.0,False,False,5.0,False,hard to read,False,agent-v2.2
ORD-43108,3,8.0,8.0,False,True,8.0,True,clear photo,False,agent-v2.2
ORD-43115,3,4.0,4.0,False,False,3.0,False,clear photo,False,agent-v2.2
ORD-43122,3,8.0,8.0,False,True,8.0,True,clear photo,False,agent-v2.2
ORD-43129,3,4.0,4.0,False,True,5.0,False,mostly clear,False,agent-v2.2
ORD-43136,3,8.0,8.0,False,False,5.0,False,clear photo,True,agent-v2.2
ORD-43143,3,9.0,9.0,False,True,7.0,True,mostly clear,False,agent-v2.2
ORD-43150,3,5.0,5.0,False,False,4.0,False,hard to read,False,agent-v2.2
ORD-43157,3,8.0,8.0,False,False,6.0,False,mostly clear,True,agent-v2.2
ORD-43164,3,,7.0,True,False,7.0,False,hard to read,False,agent-v2.2
ORD-43171,3,8.0,8.0,False,False,6.0,False,barely readable,True,agent-v2.2
ORD-43178,3,,8.0,True,True,8.0,True,barely readable,False,agent-v2.2
ORD-43185,3,7.0,7.0,False,True,8.0,True,barely readable,False,agent-v2.2
ORD-43192,3,6.0,6.0,False,True,7.0,True,mostly clear,False,agent-v2.2
ORD-43199,3,,7.0,True,True,7.0,True,mostly clear,False,agent-v2.2
ORD-43206,3,,7.0,True,True,7.0,True,barely readable,False,agent-v2.2
ORD-43213,3,5.0,5.0,False,False,7.0,False,mostly clear,False,agent-v2.2
ORD-43220,3,3.0,3.0,False,False,4.0,False,barely readable,False,agent-v2.2
ORD-43227,3,7.0,7.0,False,True,6.0,True,mostly clear,False,agent-v2.2
ORD-43234,3,3.0,3.0,False,False,3.0,False,mostly clear,False,agent-v2.2
ORD-43241,3,8.0,8.0,False,False,7.0,False,hard to read,True,agent-v2.2
ORD-43248,3,8.0,8.0,False,True,9.0,True,clear photo,False,agent-v2.2
ORD-43255,3,7.0,7.0,False,True,7.0,True,mostly clear,False,agent-v2.2
ORD-43262,3,7.0,7.0,False,True,6.0,True,hard to read,False,agent-v2.2
ORD-43269,3,8.0,8.0,False,True,8.0,True,clear photo,False,agent-v2.2
ORD-43276,3,6.0,6.0,False,True,7.0,True,clear photo,False,agent-v2.2
ORD-43283,3,8.0,8.0,False,False,7.0,False,barely readable,True,agent-v2.2
ORD-43290,3,,7.0,True,True,9.0,True,hard to read,False,agent-v2.2
ORD-43297,3,8.0,8.0,False,False,7.0,False,mostly clear,True,agent-v2.2
ORD-43304,3,,4.0,True,False,3.0,False,barely readable,False,agent-v2.2
ORD-43311,3,,6.0,True,False,2.0,False,barely readable,False,agent-v2.2
ORD-43318,3,7.0,7.0,False,False,8.0,True,mostly clear,False,agent-v2.2
ORD-43325,3,5.0,5.0,False,False,3.0,False,barely readable,False,agent-v2.2
ORD-43332,3,7.0,7.0,False,False,3.0,False,hard to read,True,agent-v2.2
ORD-43339,3,5.0,5.0,False,False,6.0,False,hard to read,False,agent-v2.2
ORD-43346,3,4.0,4.0,False,True,4.0,False,barely readable,False,agent-v2.2
ORD-43353,3,,8.0,True,True,7.0,True,barely readable,False,agent-v2.2
ORD-43360,3,8.0,8.0,False,True,7.0,True,clear photo,False,agent-v2.2
ORD-43367,3,,10.0,True,False,5.0,False,barely readable,False,agent-v2.2
ORD-43374,3,6.0,6.0,False,True,8.0,True,hard to read,False,agent-v2.2
ORD-43381,3,6.0,6.0,False,True,8.0,True,barely readable,False,agent-v2.2
ORD-43388,3,5.0,5.0,False,False,4.0,False,hard to read,False,agent-v2.2
ORD-43395,3,7.0,7.0,False,True,7.0,True,hard to read,False,agent-v2.2
ORD-43402,3,,7.0,True,False,5.0,False,barely readable,False,agent-v2.2
ORD-43409,3,9.0,9.0,False,False,8.0,False,clear photo,True,agent-v2.2
ORD-43416,3,8.0,8.0,False,True,9.0,True,barely readable,False,agent-v2.2
ORD-43423,3,,7.0,True,True,7.0,True,barely readable,False,agent-v2.2
ORD-43430,3,9.0,9.0,False,False,7.0,False,mostly clear,True,agent-v2.2
ORD-43437,3,6.0,6.0,False,False,5.0,False,barely readable,False,agent-v2.2
ORD-43444,3,6.0,6.0,False,True,8.0,True,hard to read,False,agent-v2.2
ORD-43451,3,9.0,9.0,False,False,9.0,False,mostly clear,True,agent-v2.2
ORD-43458,3,7.0,7.0,False,True,6.0,True,clear photo,False,agent-v2.2
ORD-43465,3,,,True,True,4.0,False,barely readable,False,agent-v2.2
ORD-43472,3,7.0,7.0,False,False,6.0,False,clear photo,False,agent-v2.2
ORD-43479,3,,7.0,True,False,5.0,False,mostly clear,True,agent-v2.2
ORD-43486,3,5.0,5.0,False,False,5.0,False,clear photo,True,agent-v2.2
ORD-43493,3,,5.0,True,False,1.0,False,mostly clear,False,agent-v2.2
ORD-43500,3,7.0,7.0,False,True,8.0,True,hard to read,False,agent-v2.2
ORD-43507,3,6.0,6.0,False,True,7.0,True,barely readable,False,agent-v2.2
ORD-43514,3,5.0,5.0,False,True,9.0,True,barely readable,False,agent-v2.2
ORD-43521,3,7.0,7.0,False,True,7.0,True,mostly clear,False,agent-v2.2
ORD-43528,3,6.0,6.0,False,True,7.0,True,clear photo,False,agent-v2.2
ORD-43535,3,6.0,6.0,False,True,7.0,True,hard to read,False,agent-v2.2
ORD-43542,3,5.0,5.0,False,False,5.0,False,clear photo,False,agent-v2.2
ORD-43549,3,8.0,8.0,False,True,7.0,True,hard to read,False,agent-v2.2
ORD-43556,3,,5.0,True,True,8.0,True,barely readable,False,agent-v2.2
ORD-43563,3,4.0,4.0,False,False,4.0,False,mostly clear,False,agent-v2.2
ORD-43570,3,9.0,9.0,False,False,7.0,False,mostly clear,True,agent-v2.2
ORD-43577,3,5.0,5.0,False,True,4.0,False,mostly clear,False,agent-v2.2
ORD-43584,3,,10.0,True,False,9.0,False,clear photo,True,agent-v2.2
ORD-43591,3,,5.0,True,False,3.0,False,mostly clear,False,agent-v2.2
ORD-43598,3,7.0,7.0,False,True,8.0,True,mostly clear,False,agent-v2.2
ORD-43605,3,7.0,7.0,False,True,7.0,True,mostly clear,False,agent-v2.2
ORD-43612,3,,4.0,True,False,1.0,False,barely readable,False,agent-v2.2
ORD-43619,3,4.0,4.0,False,False,5.0,False,clear photo,False,agent-v2.2
ORD-43626,3,,5.0,True,False,5.0,False,clear photo,True,agent-v2.2
ORD-43633,3,8.0,8.0,False,True,8.0,True,clear photo,False,agent-v2.2
ORD-43640,3,7.0,7.0,False,True,8.0,True,barely readable,False,agent-v2.2
ORD-43647,3,8.0,8.0,False,False,4.0,False,hard to read,False,agent-v2.2
ORD-43654,3,8.0,8.0,False,False,7.0,False,hard to read,True,agent-v2.2
ORD-43661,3,5.0,5.0,False,True,6.0,True,barely readable,False,agent-v2.2
ORD-43668,3,6.0,6.0,False,False,5.0,False,mostly clear,False,agent-v2.2
ORD-43675,3,5.0,5.0,False,True,5.0,True,mostly clear,False,agent-v2.2
ORD-43682,3,8.0,8.0,False,True,6.0,True,hard to read,False,agent-v2.2
ORD-43689,3,,,True,True,6.0,True,barely readable,False,agent-v2.2
ORD-43696,3,9.0,9.0,False,True,10.0,True,clear photo,False,agent-v2.2
ORD-43703,3,8.0,8.0,False,True,7.0,True,clear photo,False,agent-v2.2
ORD-43710,3,6.0,6.0,False,True,6.0,True,clear photo,False,agent-v2.2
ORD-43717,3,5.0,5.0,False,True,5.0,False,mostly clear,False,agent-v2.2
ORD-43724,3,6.0,6.0,False,False,5.0,False,mostly clear,False,agent-v2.2
ORD-43731,3,,4.0,True,True,4.0,False,barely readable,False,agent-v2.2
ORD-43738,3,,7.0,True,True,8.0,True,hard to read,False,agent-v2.2
ORD-43745,3,8.0,8.0,False,False,9.0,False,hard to read,True,agent-v2.2
ORD-43752,3,,5.0,True,True,6.0,False,barely readable,False,agent-v2.2
ORD-43759,3,6.0,6.0,False,True,6.0,True,hard to read,False,agent-v2.2
ORD-43766,3,7.0,7.0,False,True,8.0,True,clear photo,False,agent-v2.2
ORD-43773,3,6.0,6.0,False,True,5.0,False,mostly clear,False,agent-v2.2
ORD-43780,3,5.0,5.0,False,False,6.0,False,mostly clear,False,agent-v2.2
ORD-43787,3,5.0,5.0,False,True,5.0,True,barely readable,False,agent-v2.2
ORD-43794,3,6.0,6.0,False,True,6.0,True,clear photo,False,agent-v2.2
ORD-43801,3,,4.0,True,True,4.0,False,barely readable,False,agent-v2.2
ORD-43808,3,8.0,8.0,False,True,9.0,True,mostly clear,False,agent-v2.2
ORD-43815,3,4.0,4.0,False,False,3.0,False,hard to read,False,agent-v2.2
ORD-43822,3,6.0,6.0,False,False,7.0,False,clear photo,False,agent-v2.2
ORD-43829,3,7.0,7.0,False,True,10.0,True,hard to read,False,agent-v2.2
ORD-43836,3,10.0,10.0,False,False,10.0,False,mostly clear,True,agent-v2.2
ORD-43843,3,9.0,9.0,False,True,10.0,True,hard to read,False,agent-v2.2
ORD-43850,3,,,True,False,5.0,False,barely readable,False,agent-v2.2
ORD-43857,3,5.0,5.0,False,True,7.0,True,hard to read,False,agent-v2.2
ORD-43864,3,6.0,6.0,False,True,6.0,True,clear photo,False,agent-v2.2
ORD-43871,3,8.0,8.0,False,False,6.0,False,clear photo,True,agent-v2.2
ORD-43878,3,9.0,9.0,False,False,6.0,False,mostly clear,True,agent-v2.2
ORD-43885,3,6.0,6.0,False,False,6.0,False,clear photo,False,agent-v2.2
ORD-43892,3,3.0,3.0,False,False,3.0,False,barely readable,False,agent-v2.2
ORD-43899,3,6.0,6.0,False,False,5.0,True,hard to read,False,agent-v2.2
ORD-43906,3,5.0,5.0,False,False,6.0,False,clear photo,False,agent-v2.2
ORD-43913,3,7.0,7.0,False,True,8.0,True,mostly clear,False,agent-v2.2
ORD-43920,3,,8.0,True,True,10.0,True,barely readable,False,agent-v2.2
ORD-43927,3,8.0,8.0,False,True,9.0,True,clear photo,False,agent-v2.2
ORD-43934,3,3.0,3.0,False,False,3.0,False,clear photo,False,agent-v2.2
ORD-43941,3,6.0,6.0,False,False,7.0,False,mostly clear,False,agent-v2.2
ORD-43948,3,5.0,5.0,False,False,4.0,False,barely readable,False,agent-v2.2
ORD-43955,3,,5.0,True,True,6.0,True,barely readable,False,agent-v2.2
ORD-43962,3,8.0,8.0,False,True,9.0,True,mostly clear,False,agent-v2.2
ORD-43969,3,5.0,5.0,False,False,5.0,False,hard to read,False,agent-v2.2
ORD-43976,3,7.0,7.0,False,True,7.0,True,hard to read,False,agent-v2.2
ORD-43983,3,8.0,8.0,False,True,9.0,True,mostly clear,False,agent-v2.2
ORD-43990,3,,6.0,True,False,8.0,False,barely readable,True,agent-v2.2
ORD-43997,3,4.0,4.0,False,False,3.0,False,barely readable,False,agent-v2.2
ORD-44004,3,6.0,6.0,False,False,6.0,False,mostly clear,False,agent-v2.2
ORD-44011,3,5.0,5.0,False,False,3.0,False,mostly clear,False,agent-v2.2
ORD-44018,3,6.0,6.0,False,False,4.0,False,clear photo,False,agent-v2.2
ORD-44025,3,7.0,7.0,False,False,6.0,False,clear photo,False,agent-v2.2
ORD-44032,3,,7.0,True,True,8.0,True,hard to read,False,agent-v2.2
ORD-44039,3,5.0,5.0,False,False,5.0,False,clear photo,False,agent-v2.2
ORD-44046,3,8.0,8.0,False,True,8.0,True,mostly clear,False,agent-v2.2
ORD-44053,3,8.0,8.0,False,True,8.0,True,mostly clear,False,agent-v2.2
ORD-44060,3,8.0,8.0,False,False,5.0,False,hard to read,True,agent-v2.2
ORD-44067,3,8.0,8.0,False,True,7.0,True,mostly clear,False,agent-v2.2
ORD-44074,3,9.0,9.0,False,True,8.0,True,barely readable,False,agent-v2.2
ORD-44081,3,8.0,8.0,False,True,8.0,True,mostly clear,False,agent-v2.2
ORD-44088,3,8.0,8.0,False,True,7.0,True,hard to read,False,agent-v2.2
ORD-44095,3,8.0,8.0,False,True,8.0,True,hard to read,False,agent-v2.2
ORD-44102,3,5.0,5.0,False,False,5.0,False,mostly clear,False,agent-v2.2
ORD-44109,3,,9.0,True,False,8.0,False,barely readable,True,agent-v2.2
ORD-44116,3,7.0,7.0,False,False,6.0,False,hard to read,False,agent-v2.2
ORD-44123,3,7.0,7.0,False,False,5.0,False,clear photo,True,agent-v2.2
ORD-44130,3,6.0,6.0,False,True,6.0,False,clear photo,False,agent-v2.2
ORD-44137,3,,5.0,True,True,5.0,False,barely readable,False,agent-v2.2
ORD-44144,3,,,True,False,5.0,False,barely readable,False,agent-v2.2
ORD-44151,3,8.0,8.0,False,True,7.0,True,hard to read,False,agent-v2.2
ORD-44158,3,5.0,5.0,False,True,8.0,True,hard to read,False,agent-v2.2
ORD-44165,3,,7.0,True,False,9.0,True,hard to read,False,agent-v2.2
ORD-44172,3,7.0,7.0,False,True,8.0,True,mostly clear,False,agent-v2.2
ORD-44179,3,,,True,False,5.0,False,barely readable,False,agent-v2.2
ORD-44186,3,7.0,7.0,False,True,8.0,True,hard to read,False,agent-v2.2
ORD-44193,3,9.0,9.0,False,False,7.0,False,clear photo,True,agent-v2.2
