item_id,system,latent_quality,ambiguity,difficulty_stratum,fluent_but_wrong,response_tokens,human_score,human_correct,_note
it0000,model-A,0.7948,0.3557,Q2,False,199,7.0,True,"SYNTHETIC DATA -- generated by judge_audit.simulate, calibrated to published effect sizes. Not the output of any real model."
it0001,model-A,0.632,0.4993,Q3,False,257,6.0,True,"SYNTHETIC DATA -- generated by judge_audit.simulate, calibrated to published effect sizes. Not the output of any real model."
it0002,model-A,0.6405,0.1981,Q1 clearest,True,323,7.0,False,"SYNTHETIC DATA -- generated by judge_audit.simulate, calibrated to published effect sizes. Not the output of any real model."
it0003,model-A,0.9257,0.5197,Q3,True,351,10.0,False,"SYNTHETIC DATA -- generated by judge_audit.simulate, calibrated to published effect sizes. Not the output of any real model."
it0004,model-A,0.6969,0.5186,Q3,False,307,7.0,True,"SYNTHETIC DATA -- generated by judge_audit.simulate, calibrated to published effect sizes. Not the output of any real model."
it0005,model-A,0.6025,0.2726,Q1 clearest,False,324,6.0,False,"SYNTHETIC DATA -- generated by judge_audit.simulate, calibrated to published effect sizes. Not the output of any real model."
it0006,model-A,0.5885,0.5816,Q4 most ambiguous,False,287,6.0,False,"SYNTHETIC DATA -- generated by judge_audit.simulate, calibrated to published effect sizes. Not the output of any real model."
it0007,model-A,0.6406,0.6415,Q4 most ambiguous,False,234,6.0,True,"SYNTHETIC DATA -- generated by judge_audit.simulate, calibrated to published effect sizes. Not the output of any real model."
it0008,model-A,0.5957,0.5987,Q4 most ambiguous,False,294,5.0,False,"SYNTHETIC DATA -- generated by judge_audit.simulate, calibrated to published effect sizes. Not the output of any real model."
it0009,model-A,0.7057,0.6954,Q4 most ambiguous,True,448,8.0,False,"SYNTHETIC DATA -- generated by judge_audit.simulate, calibrated to published effect sizes. Not the output of any real model."
it0010,model-A,0.7323,0.381,Q2,True,382,9.0,False,"SYNTHETIC DATA -- generated by judge_audit.simulate, calibrated to published effect sizes. Not the output of any real model."
it0011,model-A,0.5247,0.4392,Q3,False,193,4.0,False,"SYNTHETIC DATA -- generated by judge_audit.simulate, calibrated to published effect sizes. Not the output of any real model."
it0012,model-A,0.9169,0.2468,Q1 clearest,False,267,9.0,True,"SYNTHETIC DATA -- generated by judge_audit.simulate, calibrated to published effect sizes. Not the output of any real model."
it0013,model-A,0.9018,0.3883,Q2,False,299,9.0,True,"SYNTHETIC DATA -- generated by judge_audit.simulate, calibrated to published effect sizes. Not the output of any real model."
it0014,model-A,0.5443,0.9169,Q4 most ambiguous,False,298,6.0,False,"SYNTHETIC DATA -- generated by judge_audit.simulate, calibrated to published effect sizes. Not the output of any real model."
it0015,model-A,0.5702,0.4372,Q3,False,318,6.0,False,"SYNTHETIC DATA -- generated by judge_audit.simulate, calibrated to published effect sizes. Not the output of any real model."
it0016,model-A,0.8353,0.3284,Q2,False,329,8.0,True,"SYNTHETIC DATA -- generated by judge_audit.simulate, calibrated to published effect sizes. Not the output of any real model."
it0017,model-A,0.6606,0.7989,Q4 most ambiguous,False,172,7.0,True,"SYNTHETIC DATA -- generated by judge_audit.simulate, calibrated to published effect sizes. Not the output of any real model."
it0018,model-A,0.8324,0.4078,Q2,False,379,9.0,True,"SYNTHETIC DATA -- generated by judge_audit.simulate, calibrated to published effect sizes. Not the output of any real model."
it0019,model-A,0.9208,0.3738,Q2,False,104,8.0,True,"SYNTHETIC DATA -- generated by judge_audit.simulate, calibrated to published effect sizes. Not the output of any real model."
it0020,model-A,0.5007,0.7069,Q4 most ambiguous,False,181,4.0,False,"SYNTHETIC DATA -- generated by judge_audit.simulate, calibrated to published effect sizes. Not the output of any real model."
it0021,model-A,0.8195,0.6823,Q4 most ambiguous,False,237,8.0,True,"SYNTHETIC DATA -- generated by judge_audit.simulate, calibrated to published effect sizes. Not the output of any real model."
it0022,model-A,0.3436,0.5589,Q4 most ambiguous,True,327,4.0,False,"SYNTHETIC DATA -- generated by judge_audit.simulate, calibrated to published effect sizes. Not the output of any real model."
it0023,model-A,0.4794,0.5435,Q3,False,275,4.0,False,"SYNTHETIC DATA -- generated by judge_audit.simulate, calibrated to published effect sizes. Not the output of any real model."
it0024,model-A,0.8095,0.529,Q3,False,307,9.0,True,"SYNTHETIC DATA -- generated by judge_audit.simulate, calibrated to published effect sizes. Not the output of any real model."
it0025,model-A,0.7993,0.2064,Q1 clearest,False,300,9.0,True,"SYNTHETIC DATA -- generated by judge_audit.simulate, calibrated to published effect sizes. Not the output of any real model."
it0026,model-A,0.691,0.5049,Q3,False,263,8.0,True,"SYNTHETIC DATA -- generated by judge_audit.simulate, calibrated to published effect sizes. Not the output of any real model."
it0027,model-A,0.5927,0.5171,Q3,False,247,6.0,False,"SYNTHETIC DATA -- generated by judge_audit.simulate, calibrated to published effect sizes. Not the output of any real model."
it0028,model-A,0.4895,0.434,Q3,False,326,4.0,False,"SYNTHETIC DATA -- generated by judge_audit.simulate, calibrated to published effect sizes. Not the output of any real model."
it0029,model-A,0.7063,0.4121,Q3,False,248,6.0,True,"SYNTHETIC DATA -- generated by judge_audit.simulate, calibrated to published effect sizes. Not the output of any real model."
it0030,model-A,0.7778,0.1953,Q1 clearest,False,234,8.0,True,"SYNTHETIC DATA -- generated by judge_audit.simulate, calibrated to published effect sizes. Not the output of any real model."
it0031,model-A,0.7014,0.3431,Q2,False,178,8.0,True,"SYNTHETIC DATA -- generated by judge_audit.simulate, calibrated to published effect sizes. Not the output of any real model."
it0032,model-A,0.6463,0.7637,Q4 most ambiguous,False,338,7.0,True,"SYNTHETIC DATA -- generated by judge_audit.simulate, calibrated to published effect sizes. Not the output of any real model."
it0033,model-A,0.5451,0.6162,Q4 most ambiguous,False,220,7.0,False,"SYNTHETIC DATA -- generated by judge_audit.simulate, calibrated to published effect sizes. Not the output of any real model."
it0034,model-A,0.4283,0.1516,Q1 clearest,False,298,5.0,False,"SYNTHETIC DATA -- generated by judge_audit.simulate, calibrated to published effect sizes. Not the output of any real model."
it0035,model-A,0.5204,0.4941,Q3,False,244,7.0,False,"SYNTHETIC DATA -- generated by judge_audit.simulate, calibrated to published effect sizes. Not the output of any real model."
it0036,model-A,0.5255,0.3944,Q2,False,243,4.0,False,"SYNTHETIC DATA -- generated by judge_audit.simulate, calibrated to published effect sizes. Not the output of any real model."
it0037,model-A,0.4307,0.3233,Q2,True,382,6.0,False,"SYNTHETIC DATA -- generated by judge_audit.simulate, calibrated to published effect sizes. Not the output of any real model."
it0038,model-A,0.7118,0.3058,Q2,False,237,7.0,True,"SYNTHETIC DATA -- generated by judge_audit.simulate, calibrated to published effect sizes. Not the output of any real model."
it0039,model-A,0.6342,0.4514,Q3,False,249,6.0,True,"SYNTHETIC DATA -- generated by judge_audit.simulate, calibrated to published effect sizes. Not the output of any real model."
it0040,model-A,0.6527,0.3832,Q2,False,287,6.0,True,"SYNTHETIC DATA -- generated by judge_audit.simulate, calibrated to published effect sizes. Not the output of any real model."
it0041,model-A,0.7262,0.7115,Q4 most ambiguous,True,363,8.0,False,"SYNTHETIC DATA -- generated by judge_audit.simulate, calibrated to published effect sizes. Not the output of any real model."
it0042,model-A,0.966,0.774,Q4 most ambiguous,True,421,10.0,False,"SYNTHETIC DATA -- generated by judge_audit.simulate, calibrated to published effect sizes. Not the output of any real model."
it0043,model-A,0.6944,0.5909,Q4 most ambiguous,False,256,7.0,True,"SYNTHETIC DATA -- generated by judge_audit.simulate, calibrated to published effect sizes. Not the output of any real model."
it0044,model-A,0.8329,0.4364,Q3,True,300,10.0,False,"SYNTHETIC DATA -- generated by judge_audit.simulate, calibrated to published effect sizes. Not the output of any real model."
it0045,model-A,0.6258,0.3959,Q2,True,350,8.0,False,"SYNTHETIC DATA -- generated by judge_audit.simulate, calibrated to published effect sizes. Not the output of any real model."
it0046,model-A,0.5061,0.2637,Q1 clearest,False,211,5.0,False,"SYNTHETIC DATA -- generated by judge_audit.simulate, calibrated to published effect sizes. Not the output of any real model."
it0047,model-A,0.7037,0.5256,Q3,False,272,7.0,True,"SYNTHETIC DATA -- generated by judge_audit.simulate, calibrated to published effect sizes. Not the output of any real model."
it0048,model-A,0.8245,0.2605,Q1 clearest,True,365,9.0,False,"SYNTHETIC DATA -- generated by judge_audit.simulate, calibrated to published effect sizes. Not the output of any real model."
it0049,model-A,0.8038,0.1121,Q1 clearest,False,322,9.0,True,"SYNTHETIC DATA -- generated by judge_audit.simulate, calibrated to published effect sizes. Not the output of any real model."
it0050,model-A,0.5521,0.5231,Q3,False,198,5.0,False,"SYNTHETIC DATA -- generated by judge_audit.simulate, calibrated to published effect sizes. Not the output of any real model."
it0051,model-A,0.8727,0.4868,Q3,False,288,8.0,True,"SYNTHETIC DATA -- generated by judge_audit.simulate, calibrated to published effect sizes. Not the output of any real model."
it0052,model-A,0.5836,0.508,Q3,False,261,5.0,False,"SYNTHETIC DATA -- generated by judge_audit.simulate, calibrated to published effect sizes. Not the output of any real model."
it0053,model-A,0.7097,0.2212,Q1 clearest,False,313,6.0,True,"SYNTHETIC DATA -- generated by judge_audit.simulate, calibrated to published effect sizes. Not the output of any real model."
it0054,model-A,0.4686,0.59,Q4 most ambiguous,False,254,4.0,False,"SYNTHETIC DATA -- generated by judge_audit.simulate, calibrated to published effect sizes. Not the output of any real model."
it0055,model-A,0.6329,0.3627,Q2,False,342,7.0,True,"SYNTHETIC DATA -- generated by judge_audit.simulate, calibrated to published effect sizes. Not the output of any real model."
it0056,model-A,0.4681,0.8925,Q4 most ambiguous,False,358,5.0,False,"SYNTHETIC DATA -- generated by judge_audit.simulate, calibrated to published effect sizes. Not the output of any real model."
it0057,model-A,0.6535,0.5679,Q4 most ambiguous,False,218,7.0,True,"SYNTHETIC DATA -- generated by judge_audit.simulate, calibrated to published effect sizes. Not the output of any real model."
it0058,model-A,0.6249,0.3171,Q2,False,222,7.0,True,"SYNTHETIC DATA -- generated by judge_audit.simulate, calibrated to published effect sizes. Not the output of any real model."
it0059,model-A,0.5135,0.3526,Q2,False,309,5.0,False,"SYNTHETIC DATA -- generated by judge_audit.simulate, calibrated to published effect sizes. Not the output of any real model."
it0060,model-A,0.5381,0.4798,Q3,False,192,5.0,False,"SYNTHETIC DATA -- generated by judge_audit.simulate, calibrated to published effect sizes. Not the output of any real model."
it0061,model-A,0.6095,0.3661,Q2,False,365,7.0,False,"SYNTHETIC DATA -- generated by judge_audit.simulate, calibrated to published effect sizes. Not the output of any real model."
it0062,model-A,0.9565,0.5911,Q4 most ambiguous,True,470,9.0,False,"SYNTHETIC DATA -- generated by judge_audit.simulate, calibrated to published effect sizes. Not the output of any real model."
it0063,model-A,0.9179,0.37,Q2,False,245,10.0,True,"SYNTHETIC DATA -- generated by judge_audit.simulate, calibrated to published effect sizes. Not the output of any real model."
it0064,model-A,0.7251,0.3038,Q2,True,369,8.0,False,"SYNTHETIC DATA -- generated by judge_audit.simulate, calibrated to published effect sizes. Not the output of any real model."
it0065,model-A,0.6423,0.2483,Q1 clearest,False,260,7.0,True,"SYNTHETIC DATA -- generated by judge_audit.simulate, calibrated to published effect sizes. Not the output of any real model."
it0066,model-A,0.6318,0.3495,Q2,True,439,7.0,False,"SYNTHETIC DATA -- generated by judge_audit.simulate, calibrated to published effect sizes. Not the output of any real model."
it0067,model-A,0.6346,0.3468,Q2,False,345,6.0,True,"SYNTHETIC DATA -- generated by judge_audit.simulate, calibrated to published effect sizes. Not the output of any real model."
it0068,model-A,0.8054,0.2309,Q1 clearest,False,228,9.0,True,"SYNTHETIC DATA -- generated by judge_audit.simulate, calibrated to published effect sizes. Not the output of any real model."
it0069,model-A,0.9065,0.0673,Q1 clearest,False,198,9.0,True,"SYNTHETIC DATA -- generated by judge_audit.simulate, calibrated to published effect sizes. Not the output of any real model."
it0070,model-A,0.9149,0.0887,Q1 clearest,False,275,10.0,True,"SYNTHETIC DATA -- generated by judge_audit.simulate, calibrated to published effect sizes. Not the output of any real model."
it0071,model-A,0.7796,0.7725,Q4 most ambiguous,True,411,9.0,False,"SYNTHETIC DATA -- generated by judge_audit.simulate, calibrated to published effect sizes. Not the output of any real model."
it0072,model-A,0.5291,0.8481,Q4 most ambiguous,True,431,6.0,False,"SYNTHETIC DATA -- generated by judge_audit.simulate, calibrated to published effect sizes. Not the output of any real model."
it0073,model-A,0.4449,0.4367,Q3,False,220,3.0,False,"SYNTHETIC DATA -- generated by judge_audit.simulate, calibrated to published effect sizes. Not the output of any real model."
it0074,model-A,0.6389,0.2507,Q1 clearest,False,266,6.0,True,"SYNTHETIC DATA -- generated by judge_audit.simulate, calibrated to published effect sizes. Not the output of any real model."
it0075,model-A,0.8912,0.0395,Q1 clearest,False,286,10.0,True,"SYNTHETIC DATA -- generated by judge_audit.simulate, calibrated to published effect sizes. Not the output of any real model."
it0076,model-A,0.6971,0.3496,Q2,False,262,8.0,True,"SYNTHETIC DATA -- generated by judge_audit.simulate, calibrated to published effect sizes. Not the output of any real model."
it0077,model-A,0.9161,0.0256,Q1 clearest,False,249,9.0,True,"SYNTHETIC DATA -- generated by judge_audit.simulate, calibrated to published effect sizes. Not the output of any real model."
it0078,model-A,0.8517,0.4086,Q2,False,232,10.0,True,"SYNTHETIC DATA -- generated by judge_audit.simulate, calibrated to published effect sizes. Not the output of any real model."
it0079,model-A,0.3155,0.6036,Q4 most ambiguous,False,220,3.0,False,"SYNTHETIC DATA -- generated by judge_audit.simulate, calibrated to published effect sizes. Not the output of any real model."
it0080,model-A,0.695,0.4022,Q2,False,297,6.0,True,"SYNTHETIC DATA -- generated by judge_audit.simulate, calibrated to published effect sizes. Not the output of any real model."
it0081,model-A,0.5432,0.3897,Q2,False,232,4.0,False,"SYNTHETIC DATA -- generated by judge_audit.simulate, calibrated to published effect sizes. Not the output of any real model."
it0082,model-A,0.6215,0.5022,Q3,False,274,7.0,True,"SYNTHETIC DATA -- generated by judge_audit.simulate, calibrated to published effect sizes. Not the output of any real model."
it0083,model-A,0.641,0.5281,Q3,False,257,6.0,True,"SYNTHETIC DATA -- generated by judge_audit.simulate, calibrated to published effect sizes. Not the output of any real model."
it0084,model-A,0.7573,0.1287,Q1 clearest,True,313,8.0,False,"SYNTHETIC DATA -- generated by judge_audit.simulate, calibrated to published effect sizes. Not the output of any real model."
it0085,model-A,0.8078,0.059,Q1 clearest,False,225,8.0,True,"SYNTHETIC DATA -- generated by judge_audit.simulate, calibrated to published effect sizes. Not the output of any real model."
it0086,model-A,0.5478,0.2477,Q1 clearest,False,327,6.0,False,"SYNTHETIC DATA -- generated by judge_audit.simulate, calibrated to published effect sizes. Not the output of any real model."
it0087,model-A,0.6771,0.124,Q1 clearest,False,236,7.0,True,"SYNTHETIC DATA -- generated by judge_audit.simulate, calibrated to published effect sizes. Not the output of any real model."
it0088,model-A,0.5048,0.6773,Q4 most ambiguous,False,289,5.0,False,"SYNTHETIC DATA -- generated by judge_audit.simulate, calibrated to published effect sizes. Not the output of any real model."
it0089,model-A,0.9009,0.1639,Q1 clearest,False,287,9.0,True,"SYNTHETIC DATA -- generated by judge_audit.simulate, calibrated to published effect sizes. Not the output of any real model."
it0090,model-A,0.8987,0.3124,Q2,True,390,10.0,False,"SYNTHETIC DATA -- generated by judge_audit.simulate, calibrated to published effect sizes. Not the output of any real model."
it0091,model-A,0.7464,0.2833,Q2,False,312,7.0,True,"SYNTHETIC DATA -- generated by judge_audit.simulate, calibrated to published effect sizes. Not the output of any real model."
it0092,model-A,0.7512,0.5001,Q3,True,389,9.0,False,"SYNTHETIC DATA -- generated by judge_audit.simulate, calibrated to published effect sizes. Not the output of any real model."
it0093,model-A,0.7403,0.5103,Q3,False,288,7.0,True,"SYNTHETIC DATA -- generated by judge_audit.simulate, calibrated to published effect sizes. Not the output of any real model."
it0094,model-A,0.747,0.0887,Q1 clearest,False,293,8.0,True,"SYNTHETIC DATA -- generated by judge_audit.simulate, calibrated to published effect sizes. Not the output of any real model."
it0095,model-A,0.6772,0.6116,Q4 most ambiguous,False,343,8.0,True,"SYNTHETIC DATA -- generated by judge_audit.simulate, calibrated to published effect sizes. Not the output of any real model."
it0096,model-A,0.9024,0.3902,Q2,True,446,10.0,False,"SYNTHETIC DATA -- generated by judge_audit.simulate, calibrated to published effect sizes. Not the output of any real model."
it0097,model-A,0.9044,0.3379,Q2,False,239,9.0,True,"SYNTHETIC DATA -- generated by judge_audit.simulate, calibrated to published effect sizes. Not the output of any real model."
it0098,model-A,0.5472,0.1411,Q1 clearest,False,218,6.0,False,"SYNTHETIC DATA -- generated by judge_audit.simulate, calibrated to published effect sizes. Not the output of any real model."
it0099,model-A,0.7723,0.4069,Q2,True,337,9.0,False,"SYNTHETIC DATA -- generated by judge_audit.simulate, calibrated to published effect sizes. Not the output of any real model."
it0100,model-A,0.6685,0.1986,Q1 clearest,False,252,7.0,True,"SYNTHETIC DATA -- generated by judge_audit.simulate, calibrated to published effect sizes. Not the output of any real model."
it0101,model-A,0.4323,0.6162,Q4 most ambiguous,False,300,5.0,False,"SYNTHETIC DATA -- generated by judge_audit.simulate, calibrated to published effect sizes. Not the output of any real model."
it0102,model-A,0.6545,0.4408,Q3,True,331,8.0,False,"SYNTHETIC DATA -- generated by judge_audit.simulate, calibrated to published effect sizes. Not the output of any real model."
it0103,model-A,0.6118,0.2354,Q1 clearest,False,277,7.0,False,"SYNTHETIC DATA -- generated by judge_audit.simulate, calibrated to published effect sizes. Not the output of any real model."
it0104,model-A,0.4082,0.3814,Q2,False,217,3.0,False,"SYNTHETIC DATA -- generated by judge_audit.simulate, calibrated to published effect sizes. Not the output of any real model."
it0105,model-A,0.4743,0.27,Q1 clearest,True,474,5.0,False,"SYNTHETIC DATA -- generated by judge_audit.simulate, calibrated to published effect sizes. Not the output of any real model."
it0106,model-A,0.933,0.3538,Q2,False,359,10.0,True,"SYNTHETIC DATA -- generated by judge_audit.simulate, calibrated to published effect sizes. Not the output of any real model."
it0107,model-A,0.4338,0.3497,Q2,False,273,4.0,False,"SYNTHETIC DATA -- generated by judge_audit.simulate, calibrated to published effect sizes. Not the output of any real model."
it0108,model-A,0.4425,0.251,Q1 clearest,False,298,6.0,False,"SYNTHETIC DATA -- generated by judge_audit.simulate, calibrated to published effect sizes. Not the output of any real model."
it0109,model-A,0.5653,0.206,Q1 clearest,False,259,6.0,False,"SYNTHETIC DATA -- generated by judge_audit.simulate, calibrated to published effect sizes. Not the output of any real model."
it0110,model-A,0.6065,0.37,Q2,False,331,6.0,False,"SYNTHETIC DATA -- generated by judge_audit.simulate, calibrated to published effect sizes. Not the output of any real model."
it0111,model-A,0.7719,0.2212,Q1 clearest,False,206,7.0,True,"SYNTHETIC DATA -- generated by judge_audit.simulate, calibrated to published effect sizes. Not the output of any real model."
it0112,model-A,0.884,0.0,Q1 clearest,False,176,9.0,True,"SYNTHETIC DATA -- generated by judge_audit.simulate, calibrated to published effect sizes. Not the output of any real model."
it0113,model-A,0.572,0.482,Q3,False,168,6.0,False,"SYNTHETIC DATA -- generated by judge_audit.simulate, calibrated to published effect sizes. Not the output of any real model."
it0114,model-A,0.6429,0.222,Q1 clearest,False,254,7.0,True,"SYNTHETIC DATA -- generated by judge_audit.simulate, calibrated to published effect sizes. Not the output of any real model."
it0115,model-A,0.7929,0.473,Q3,False,245,8.0,True,"SYNTHETIC DATA -- generated by judge_audit.simulate, calibrated to published effect sizes. Not the output of any real model."
it0116,model-A,0.5583,0.5869,Q4 most ambiguous,False,160,5.0,False,"SYNTHETIC DATA -- generated by judge_audit.simulate, calibrated to published effect sizes. Not the output of any real model."
it0117,model-A,0.5026,0.4672,Q3,False,122,5.0,False,"SYNTHETIC DATA -- generated by judge_audit.simulate, calibrated to published effect sizes. Not the output of any real model."
it0118,model-A,0.715,0.3569,Q2,False,188,8.0,True,"SYNTHETIC DATA -- generated by judge_audit.simulate, calibrated to published effect sizes. Not the output of any real model."
it0119,model-A,0.7032,0.7308,Q4 most ambiguous,False,275,6.0,True,"SYNTHETIC DATA -- generated by judge_audit.simulate, calibrated to published effect sizes. Not the output of any real model."
it0120,model-A,0.6394,0.408,Q2,True,348,7.0,False,"SYNTHETIC DATA -- generated by judge_audit.simulate, calibrated to published effect sizes. Not the output of any real model."
it0121,model-A,0.4892,0.47,Q3,False,230,4.0,False,"SYNTHETIC DATA -- generated by judge_audit.simulate, calibrated to published effect sizes. Not the output of any real model."
it0122,model-A,0.7434,0.8457,Q4 most ambiguous,False,170,7.0,True,"SYNTHETIC DATA -- generated by judge_audit.simulate, calibrated to published effect sizes. Not the output of any real model."
it0123,model-A,0.5718,0.5618,Q4 most ambiguous,False,174,6.0,False,"SYNTHETIC DATA -- generated by judge_audit.simulate, calibrated to published effect sizes. Not the output of any real model."
it0124,model-A,0.7822,0.2183,Q1 clearest,False,233,9.0,True,"SYNTHETIC DATA -- generated by judge_audit.simulate, calibrated to published effect sizes. Not the output of any real model."
it0125,model-A,0.585,0.3029,Q2,False,235,6.0,False,"SYNTHETIC DATA -- generated by judge_audit.simulate, calibrated to published effect sizes. Not the output of any real model."
it0126,model-A,0.8487,0.3057,Q2,False,239,9.0,True,"SYNTHETIC DATA -- generated by judge_audit.simulate, calibrated to published effect sizes. Not the output of any real model."
it0127,model-A,0.9671,0.4327,Q3,False,257,9.0,True,"SYNTHETIC DATA -- generated by judge_audit.simulate, calibrated to published effect sizes. Not the output of any real model."
it0128,model-A,0.3121,0.8813,Q4 most ambiguous,False,310,2.0,False,"SYNTHETIC DATA -- generated by judge_audit.simulate, calibrated to published effect sizes. Not the output of any real model."
it0129,model-A,0.4885,0.7401,Q4 most ambiguous,False,162,4.0,False,"SYNTHETIC DATA -- generated by judge_audit.simulate, calibrated to published effect sizes. Not the output of any real model."
it0130,model-A,0.8698,0.7503,Q4 most ambiguous,False,284,9.0,True,"SYNTHETIC DATA -- generated by judge_audit.simulate, calibrated to published effect sizes. Not the output of any real model."
it0131,model-A,0.7778,0.495,Q3,False,233,8.0,True,"SYNTHETIC DATA -- generated by judge_audit.simulate, calibrated to published effect sizes. Not the output of any real model."
it0132,model-A,0.8136,0.5427,Q3,False,260,9.0,True,"SYNTHETIC DATA -- generated by judge_audit.simulate, calibrated to published effect sizes. Not the output of any real model."
it0133,model-A,0.863,0.349,Q2,False,251,7.0,True,"SYNTHETIC DATA -- generated by judge_audit.simulate, calibrated to published effect sizes. Not the output of any real model."
it0134,model-A,0.6327,0.7812,Q4 most ambiguous,False,292,6.0,True,"SYNTHETIC DATA -- generated by judge_audit.simulate, calibrated to published effect sizes. Not the output of any real model."
it0135,model-A,0.5763,0.3842,Q2,False,266,7.0,False,"SYNTHETIC DATA -- generated by judge_audit.simulate, calibrated to published effect sizes. Not the output of any real model."
it0136,model-A,0.6197,0.5874,Q4 most ambiguous,False,293,6.0,False,"SYNTHETIC DATA -- generated by judge_audit.simulate, calibrated to published effect sizes. Not the output of any real model."
it0137,model-A,0.8594,0.1106,Q1 clearest,False,241,8.0,True,"SYNTHETIC DATA -- generated by judge_audit.simulate, calibrated to published effect sizes. Not the output of any real model."
it0138,model-A,0.4813,0.4606,Q3,False,139,4.0,False,"SYNTHETIC DATA -- generated by judge_audit.simulate, calibrated to published effect sizes. Not the output of any real model."
it0139,model-A,0.754,0.2603,Q1 clearest,False,301,8.0,True,"SYNTHETIC DATA -- generated by judge_audit.simulate, calibrated to published effect sizes. Not the output of any real model."
it0140,model-A,0.766,0.0981,Q1 clearest,False,227,7.0,True,"SYNTHETIC DATA -- generated by judge_audit.simulate, calibrated to published effect sizes. Not the output of any real model."
it0141,model-A,0.538,0.3246,Q2,True,410,6.0,False,"SYNTHETIC DATA -- generated by judge_audit.simulate, calibrated to published effect sizes. Not the output of any real model."
it0142,model-A,0.5534,0.4201,Q3,False,183,5.0,False,"SYNTHETIC DATA -- generated by judge_audit.simulate, calibrated to published effect sizes. Not the output of any real model."
it0143,model-A,0.945,0.1624,Q1 clearest,False,267,10.0,True,"SYNTHETIC DATA -- generated by judge_audit.simulate, calibrated to published effect sizes. Not the output of any real model."
it0144,model-A,0.8453,0.4671,Q3,False,270,9.0,True,"SYNTHETIC DATA -- generated by judge_audit.simulate, calibrated to published effect sizes. Not the output of any real model."
it0145,model-A,0.6501,0.71,Q4 most ambiguous,False,391,6.0,True,"SYNTHETIC DATA -- generated by judge_audit.simulate, calibrated to published effect sizes. Not the output of any real model."
it0146,model-A,0.6994,0.6274,Q4 most ambiguous,False,278,5.0,True,"SYNTHETIC DATA -- generated by judge_audit.simulate, calibrated to published effect sizes. Not the output of any real model."
it0147,model-A,0.6886,0.2402,Q1 clearest,False,236,7.0,True,"SYNTHETIC DATA -- generated by judge_audit.simulate, calibrated to published effect sizes. Not the output of any real model."
it0148,model-A,0.5883,0.2132,Q1 clearest,True,345,8.0,False,"SYNTHETIC DATA -- generated by judge_audit.simulate, calibrated to published effect sizes. Not the output of any real model."
it0149,model-A,0.7844,0.0784,Q1 clearest,False,168,9.0,True,"SYNTHETIC DATA -- generated by judge_audit.simulate, calibrated to published effect sizes. Not the output of any real model."
it0150,model-A,0.8397,0.455,Q3,False,330,10.0,True,"SYNTHETIC DATA -- generated by judge_audit.simulate, calibrated to published effect sizes. Not the output of any real model."
it0151,model-A,0.9015,0.1801,Q1 clearest,False,354,10.0,True,"SYNTHETIC DATA -- generated by judge_audit.simulate, calibrated to published effect sizes. Not the output of any real model."
it0152,model-A,0.5647,0.3634,Q2,False,281,6.0,False,"SYNTHETIC DATA -- generated by judge_audit.simulate, calibrated to published effect sizes. Not the output of any real model."
it0153,model-A,0.9062,0.448,Q3,False,306,10.0,True,"SYNTHETIC DATA -- generated by judge_audit.simulate, calibrated to published effect sizes. Not the output of any real model."
it0154,model-A,0.7005,0.7087,Q4 most ambiguous,False,250,9.0,True,"SYNTHETIC DATA -- generated by judge_audit.simulate, calibrated to published effect sizes. Not the output of any real model."
it0155,model-A,0.5223,0.464,Q3,True,410,5.0,False,"SYNTHETIC DATA -- generated by judge_audit.simulate, calibrated to published effect sizes. Not the output of any real model."
it0156,model-A,0.9139,0.356,Q2,True,341,10.0,False,"SYNTHETIC DATA -- generated by judge_audit.simulate, calibrated to published effect sizes. Not the output of any real model."
it0157,model-A,0.7511,0.0517,Q1 clearest,False,233,8.0,True,"SYNTHETIC DATA -- generated by judge_audit.simulate, calibrated to published effect sizes. Not the output of any real model."
it0158,model-A,0.4848,0.2705,Q1 clearest,False,248,4.0,False,"SYNTHETIC DATA -- generated by judge_audit.simulate, calibrated to published effect sizes. Not the output of any real model."
it0159,model-A,0.8677,0.4123,Q3,False,287,9.0,True,"SYNTHETIC DATA -- generated by judge_audit.simulate, calibrated to published effect sizes. Not the output of any real model."
it0160,model-A,0.6768,0.5126,Q3,False,294,8.0,True,"SYNTHETIC DATA -- generated by judge_audit.simulate, calibrated to published effect sizes. Not the output of any real model."
it0161,model-A,0.4612,0.4854,Q3,True,419,4.0,False,"SYNTHETIC DATA -- generated by judge_audit.simulate, calibrated to published effect sizes. Not the output of any real model."
it0162,model-A,0.7561,0.377,Q2,False,331,7.0,True,"SYNTHETIC DATA -- generated by judge_audit.simulate, calibrated to published effect sizes. Not the output of any real model."
it0163,model-A,0.5112,0.4157,Q3,True,395,6.0,False,"SYNTHETIC DATA -- generated by judge_audit.simulate, calibrated to published effect sizes. Not the output of any real model."
it0164,model-A,0.7548,0.3533,Q2,False,327,7.0,True,"SYNTHETIC DATA -- generated by judge_audit.simulate, calibrated to published effect sizes. Not the output of any real model."
it0165,model-A,0.9058,0.1866,Q1 clearest,False,323,10.0,True,"SYNTHETIC DATA -- generated by judge_audit.simulate, calibrated to published effect sizes. Not the output of any real model."
it0166,model-A,0.737,0.2693,Q1 clearest,False,151,7.0,True,"SYNTHETIC DATA -- generated by judge_audit.simulate, calibrated to published effect sizes. Not the output of any real model."
it0167,model-A,0.9558,0.108,Q1 clearest,False,331,9.0,True,"SYNTHETIC DATA -- generated by judge_audit.simulate, calibrated to published effect sizes. Not the output of any real model."
it0168,model-A,0.9551,0.5061,Q3,False,253,10.0,True,"SYNTHETIC DATA -- generated by judge_audit.simulate, calibrated to published effect sizes. Not the output of any real model."
it0169,model-A,0.6847,0.3888,Q2,False,272,7.0,True,"SYNTHETIC DATA -- generated by judge_audit.simulate, calibrated to published effect sizes. Not the output of any real model."
it0170,model-A,0.9019,0.6054,Q4 most ambiguous,False,200,9.0,True,"SYNTHETIC DATA -- generated by judge_audit.simulate, calibrated to published effect sizes. Not the output of any real model."
it0171,model-A,0.6571,0.4296,Q3,False,263,7.0,True,"SYNTHETIC DATA -- generated by judge_audit.simulate, calibrated to published effect sizes. Not the output of any real model."
it0172,model-A,0.7206,0.8318,Q4 most ambiguous,False,320,8.0,True,"SYNTHETIC DATA -- generated by judge_audit.simulate, calibrated to published effect sizes. Not the output of any real model."
it0173,model-A,0.8807,0.6335,Q4 most ambiguous,False,257,8.0,True,"SYNTHETIC DATA -- generated by judge_audit.simulate, calibrated to published effect sizes. Not the output of any real model."
it0174,model-A,0.5551,0.8433,Q4 most ambiguous,True,350,6.0,False,"SYNTHETIC DATA -- generated by judge_audit.simulate, calibrated to published effect sizes. Not the output of any real model."
it0175,model-A,0.862,0.3477,Q2,True,367,9.0,False,"SYNTHETIC DATA -- generated by judge_audit.simulate, calibrated to published effect sizes. Not the output of any real model."
it0176,model-A,0.799,0.67,Q4 most ambiguous,False,309,7.0,True,"SYNTHETIC DATA -- generated by judge_audit.simulate, calibrated to published effect sizes. Not the output of any real model."
it0177,model-A,0.7819,0.2745,Q1 clearest,False,277,7.0,True,"SYNTHETIC DATA -- generated by judge_audit.simulate, calibrated to published effect sizes. Not the output of any real model."
it0178,model-A,0.5678,0.3845,Q2,False,298,6.0,False,"SYNTHETIC DATA -- generated by judge_audit.simulate, calibrated to published effect sizes. Not the output of any real model."
it0179,model-A,0.4797,0.3507,Q2,False,177,4.0,False,"SYNTHETIC DATA -- generated by judge_audit.simulate, calibrated to published effect sizes. Not the output of any real model."
it0180,model-A,0.847,0.1748,Q1 clearest,False,291,8.0,True,"SYNTHETIC DATA -- generated by judge_audit.simulate, calibrated to published effect sizes. Not the output of any real model."
it0181,model-A,0.9056,0.5161,Q3,True,351,9.0,False,"SYNTHETIC DATA -- generated by judge_audit.simulate, calibrated to published effect sizes. Not the output of any real model."
it0182,model-A,0.7363,0.114,Q1 clearest,False,277,8.0,True,"SYNTHETIC DATA -- generated by judge_audit.simulate, calibrated to published effect sizes. Not the output of any real model."
it0183,model-A,0.9082,0.3213,Q2,False,196,10.0,True,"SYNTHETIC DATA -- generated by judge_audit.simulate, calibrated to published effect sizes. Not the output of any real model."
it0184,model-A,0.501,0.3179,Q2,False,185,5.0,False,"SYNTHETIC DATA -- generated by judge_audit.simulate, calibrated to published effect sizes. Not the output of any real model."
it0185,model-A,0.6139,0.538,Q3,False,342,6.0,False,"SYNTHETIC DATA -- generated by judge_audit.simulate, calibrated to published effect sizes. Not the output of any real model."
it0186,model-A,0.7531,0.1431,Q1 clearest,False,182,9.0,True,"SYNTHETIC DATA -- generated by judge_audit.simulate, calibrated to published effect sizes. Not the output of any real model."
it0187,model-A,0.7174,0.4765,Q3,False,148,9.0,True,"SYNTHETIC DATA -- generated by judge_audit.simulate, calibrated to published effect sizes. Not the output of any real model."
it0188,model-A,0.7805,0.3486,Q2,False,265,9.0,True,"SYNTHETIC DATA -- generated by judge_audit.simulate, calibrated to published effect sizes. Not the output of any real model."
it0189,model-A,0.5171,0.1372,Q1 clearest,False,232,4.0,False,"SYNTHETIC DATA -- generated by judge_audit.simulate, calibrated to published effect sizes. Not the output of any real model."
it0190,model-A,0.6113,0.1932,Q1 clearest,False,222,6.0,False,"SYNTHETIC DATA -- generated by judge_audit.simulate, calibrated to published effect sizes. Not the output of any real model."
it0191,model-A,0.5067,0.3478,Q2,False,330,5.0,False,"SYNTHETIC DATA -- generated by judge_audit.simulate, calibrated to published effect sizes. Not the output of any real model."
it0192,model-A,0.4709,0.6172,Q4 most ambiguous,False,268,4.0,False,"SYNTHETIC DATA -- generated by judge_audit.simulate, calibrated to published effect sizes. Not the output of any real model."
it0193,model-A,0.7245,0.5338,Q3,True,456,9.0,False,"SYNTHETIC DATA -- generated by judge_audit.simulate, calibrated to published effect sizes. Not the output of any real model."
it0194,model-A,0.6968,0.3715,Q2,False,310,7.0,True,"SYNTHETIC DATA -- generated by judge_audit.simulate, calibrated to published effect sizes. Not the output of any real model."
it0195,model-A,0.8131,0.4006,Q2,False,104,8.0,True,"SYNTHETIC DATA -- generated by judge_audit.simulate, calibrated to published effect sizes. Not the output of any real model."
it0196,model-A,0.722,0.3671,Q2,False,291,8.0,True,"SYNTHETIC DATA -- generated by judge_audit.simulate, calibrated to published effect sizes. Not the output of any real model."
it0197,model-A,0.8771,0.4444,Q3,False,259,9.0,True,"SYNTHETIC DATA -- generated by judge_audit.simulate, calibrated to published effect sizes. Not the output of any real model."
it0198,model-A,0.7013,0.1343,Q1 clearest,False,244,7.0,True,"SYNTHETIC DATA -- generated by judge_audit.simulate, calibrated to published effect sizes. Not the output of any real model."
it0199,model-A,0.7382,0.706,Q4 most ambiguous,False,267,9.0,True,"SYNTHETIC DATA -- generated by judge_audit.simulate, calibrated to published effect sizes. Not the output of any real model."
it0200,model-A,0.5706,0.1184,Q1 clearest,False,216,6.0,False,"SYNTHETIC DATA -- generated by judge_audit.simulate, calibrated to published effect sizes. Not the output of any real model."
it0201,model-A,0.6648,0.3065,Q2,False,306,8.0,True,"SYNTHETIC DATA -- generated by judge_audit.simulate, calibrated to published effect sizes. Not the output of any real model."
it0202,model-A,0.5071,0.7351,Q4 most ambiguous,False,415,5.0,False,"SYNTHETIC DATA -- generated by judge_audit.simulate, calibrated to published effect sizes. Not the output of any real model."
it0203,model-A,0.9462,0.4726,Q3,False,313,10.0,True,"SYNTHETIC DATA -- generated by judge_audit.simulate, calibrated to published effect sizes. Not the output of any real model."
it0204,model-A,0.98,0.1609,Q1 clearest,False,281,10.0,True,"SYNTHETIC DATA -- generated by judge_audit.simulate, calibrated to published effect sizes. Not the output of any real model."
it0205,model-A,0.7902,0.4029,Q2,False,225,8.0,True,"SYNTHETIC DATA -- generated by judge_audit.simulate, calibrated to published effect sizes. Not the output of any real model."
it0206,model-A,0.7112,0.6379,Q4 most ambiguous,False,286,7.0,True,"SYNTHETIC DATA -- generated by judge_audit.simulate, calibrated to published effect sizes. Not the output of any real model."
it0207,model-A,0.7462,0.1605,Q1 clearest,False,259,8.0,True,"SYNTHETIC DATA -- generated by judge_audit.simulate, calibrated to published effect sizes. Not the output of any real model."
it0208,model-A,0.5629,0.1246,Q1 clearest,False,272,6.0,False,"SYNTHETIC DATA -- generated by judge_audit.simulate, calibrated to published effect sizes. Not the output of any real model."
it0209,model-A,0.7829,0.3118,Q2,False,250,8.0,True,"SYNTHETIC DATA -- generated by judge_audit.simulate, calibrated to published effect sizes. Not the output of any real model."
it0210,model-A,0.6942,0.5919,Q4 most ambiguous,False,238,7.0,True,"SYNTHETIC DATA -- generated by judge_audit.simulate, calibrated to published effect sizes. Not the output of any real model."
it0211,model-A,0.7739,0.4938,Q3,False,151,7.0,True,"SYNTHETIC DATA -- generated by judge_audit.simulate, calibrated to published effect sizes. Not the output of any real model."
it0212,model-A,0.5201,0.3361,Q2,True,294,5.0,False,"SYNTHETIC DATA -- generated by judge_audit.simulate, calibrated to published effect sizes. Not the output of any real model."
it0213,model-A,0.6016,0.4067,Q2,False,219,7.0,False,"SYNTHETIC DATA -- generated by judge_audit.simulate, calibrated to published effect sizes. Not the output of any real model."
it0214,model-A,0.7462,0.3101,Q2,False,132,9.0,True,"SYNTHETIC DATA -- generated by judge_audit.simulate, calibrated to published effect sizes. Not the output of any real model."
it0215,model-A,0.8983,0.4991,Q3,False,357,9.0,True,"SYNTHETIC DATA -- generated by judge_audit.simulate, calibrated to published effect sizes. Not the output of any real model."
it0216,model-A,0.8548,0.6937,Q4 most ambiguous,True,398,9.0,False,"SYNTHETIC DATA -- generated by judge_audit.simulate, calibrated to published effect sizes. Not the output of any real model."
it0217,model-A,0.7459,0.226,Q1 clearest,False,307,5.0,True,"SYNTHETIC DATA -- generated by judge_audit.simulate, calibrated to published effect sizes. Not the output of any real model."
it0218,model-A,0.8241,0.5204,Q3,False,313,7.0,True,"SYNTHETIC DATA -- generated by judge_audit.simulate, calibrated to published effect sizes. Not the output of any real model."
it0219,model-A,0.579,0.5762,Q4 most ambiguous,False,322,6.0,False,"SYNTHETIC DATA -- generated by judge_audit.simulate, calibrated to published effect sizes. Not the output of any real model."
it0220,model-A,0.7347,0.4536,Q3,False,273,7.0,True,"SYNTHETIC DATA -- generated by judge_audit.simulate, calibrated to published effect sizes. Not the output of any real model."
it0221,model-A,0.6238,0.4508,Q3,False,304,6.0,True,"SYNTHETIC DATA -- generated by judge_audit.simulate, calibrated to published effect sizes. Not the output of any real model."
it0222,model-A,0.7269,0.6758,Q4 most ambiguous,False,271,6.0,True,"SYNTHETIC DATA -- generated by judge_audit.simulate, calibrated to published effect sizes. Not the output of any real model."
it0223,model-A,0.9051,0.2904,Q2,False,270,8.0,True,"SYNTHETIC DATA -- generated by judge_audit.simulate, calibrated to published effect sizes. Not the output of any real model."
it0224,model-A,0.7812,0.5121,Q3,False,386,7.0,True,"SYNTHETIC DATA -- generated by judge_audit.simulate, calibrated to published effect sizes. Not the output of any real model."
it0225,model-A,0.6979,0.5016,Q3,False,263,6.0,True,"SYNTHETIC DATA -- generated by judge_audit.simulate, calibrated to published effect sizes. Not the output of any real model."
it0226,model-A,0.8072,0.3232,Q2,False,248,8.0,True,"SYNTHETIC DATA -- generated by judge_audit.simulate, calibrated to published effect sizes. Not the output of any real model."
it0227,model-A,0.4219,0.4321,Q3,False,214,5.0,False,"SYNTHETIC DATA -- generated by judge_audit.simulate, calibrated to published effect sizes. Not the output of any real model."
it0228,model-A,0.6875,0.2737,Q1 clearest,False,260,8.0,True,"SYNTHETIC DATA -- generated by judge_audit.simulate, calibrated to published effect sizes. Not the output of any real model."
it0229,model-A,0.4456,0.5476,Q3,True,372,4.0,False,"SYNTHETIC DATA -- generated by judge_audit.simulate, calibrated to published effect sizes. Not the output of any real model."
it0230,model-A,0.7093,0.2465,Q1 clearest,False,236,7.0,True,"SYNTHETIC DATA -- generated by judge_audit.simulate, calibrated to published effect sizes. Not the output of any real model."
it0231,model-A,0.8259,0.6034,Q4 most ambiguous,False,307,8.0,True,"SYNTHETIC DATA -- generated by judge_audit.simulate, calibrated to published effect sizes. Not the output of any real model."
it0232,model-A,0.6117,0.5778,Q4 most ambiguous,False,258,7.0,False,"SYNTHETIC DATA -- generated by judge_audit.simulate, calibrated to published effect sizes. Not the output of any real model."
it0233,model-A,0.7865,0.1745,Q1 clearest,False,357,8.0,True,"SYNTHETIC DATA -- generated by judge_audit.simulate, calibrated to published effect sizes. Not the output of any real model."
it0234,model-A,0.4944,0.6048,Q4 most ambiguous,False,295,5.0,False,"SYNTHETIC DATA -- generated by judge_audit.simulate, calibrated to published effect sizes. Not the output of any real model."
it0235,model-A,0.7783,0.5977,Q4 most ambiguous,False,306,8.0,True,"SYNTHETIC DATA -- generated by judge_audit.simulate, calibrated to published effect sizes. Not the output of any real model."
it0236,model-A,0.8117,0.5557,Q3,False,297,7.0,True,"SYNTHETIC DATA -- generated by judge_audit.simulate, calibrated to published effect sizes. Not the output of any real model."
it0237,model-A,0.6798,0.7748,Q4 most ambiguous,False,313,6.0,True,"SYNTHETIC DATA -- generated by judge_audit.simulate, calibrated to published effect sizes. Not the output of any real model."
it0238,model-A,0.6585,0.8855,Q4 most ambiguous,False,247,6.0,True,"SYNTHETIC DATA -- generated by judge_audit.simulate, calibrated to published effect sizes. Not the output of any real model."
it0239,model-A,0.7424,0.2942,Q2,False,328,9.0,True,"SYNTHETIC DATA -- generated by judge_audit.simulate, calibrated to published effect sizes. Not the output of any real model."
it0240,model-A,0.5761,0.7158,Q4 most ambiguous,False,258,6.0,False,"SYNTHETIC DATA -- generated by judge_audit.simulate, calibrated to published effect sizes. Not the output of any real model."
it0241,model-A,0.8353,0.266,Q1 clearest,False,355,9.0,True,"SYNTHETIC DATA -- generated by judge_audit.simulate, calibrated to published effect sizes. Not the output of any real model."
it0242,model-A,0.9751,0.6511,Q4 most ambiguous,False,256,9.0,True,"SYNTHETIC DATA -- generated by judge_audit.simulate, calibrated to published effect sizes. Not the output of any real model."
it0243,model-A,0.5385,0.2138,Q1 clearest,True,323,5.0,False,"SYNTHETIC DATA -- generated by judge_audit.simulate, calibrated to published effect sizes. Not the output of any real model."
it0244,model-A,0.3716,0.52,Q3,False,223,4.0,False,"SYNTHETIC DATA -- generated by judge_audit.simulate, calibrated to published effect sizes. Not the output of any real model."
it0245,model-A,0.9614,0.0344,Q1 clearest,False,355,10.0,True,"SYNTHETIC DATA -- generated by judge_audit.simulate, calibrated to published effect sizes. Not the output of any real model."
it0246,model-A,0.6888,0.2766,Q1 clearest,False,314,7.0,True,"SYNTHETIC DATA -- generated by judge_audit.simulate, calibrated to published effect sizes. Not the output of any real model."
it0247,model-A,0.8178,0.3324,Q2,False,170,8.0,True,"SYNTHETIC DATA -- generated by judge_audit.simulate, calibrated to published effect sizes. Not the output of any real model."
it0248,model-A,0.9737,0.4263,Q3,False,187,10.0,True,"SYNTHETIC DATA -- generated by judge_audit.simulate, calibrated to published effect sizes. Not the output of any real model."
it0249,model-A,0.7565,0.5689,Q4 most ambiguous,False,266,7.0,True,"SYNTHETIC DATA -- generated by judge_audit.simulate, calibrated to published effect sizes. Not the output of any real model."
it0250,model-A,0.7495,0.4051,Q2,False,297,7.0,True,"SYNTHETIC DATA -- generated by judge_audit.simulate, calibrated to published effect sizes. Not the output of any real model."
it0251,model-A,0.8343,0.0832,Q1 clearest,False,178,9.0,True,"SYNTHETIC DATA -- generated by judge_audit.simulate, calibrated to published effect sizes. Not the output of any real model."
it0252,model-A,0.8037,0.6258,Q4 most ambiguous,False,204,9.0,True,"SYNTHETIC DATA -- generated by judge_audit.simulate, calibrated to published effect sizes. Not the output of any real model."
it0253,model-A,0.6737,0.5971,Q4 most ambiguous,True,354,6.0,False,"SYNTHETIC DATA -- generated by judge_audit.simulate, calibrated to published effect sizes. Not the output of any real model."
it0254,model-A,0.9356,0.2317,Q1 clearest,True,348,10.0,False,"SYNTHETIC DATA -- generated by judge_audit.simulate, calibrated to published effect sizes. Not the output of any real model."
it0255,model-A,0.4857,0.5673,Q4 most ambiguous,False,300,4.0,False,"SYNTHETIC DATA -- generated by judge_audit.simulate, calibrated to published effect sizes. Not the output of any real model."
it0256,model-A,0.7943,0.4658,Q3,False,332,7.0,True,"SYNTHETIC DATA -- generated by judge_audit.simulate, calibrated to published effect sizes. Not the output of any real model."
it0257,model-A,0.484,0.4557,Q3,False,266,6.0,False,"SYNTHETIC DATA -- generated by judge_audit.simulate, calibrated to published effect sizes. Not the output of any real model."
it0258,model-A,0.7255,0.2666,Q1 clearest,False,298,7.0,True,"SYNTHETIC DATA -- generated by judge_audit.simulate, calibrated to published effect sizes. Not the output of any real model."
it0259,model-A,0.5705,0.2783,Q1 clearest,False,285,5.0,False,"SYNTHETIC DATA -- generated by judge_audit.simulate, calibrated to published effect sizes. Not the output of any real model."
it0260,model-A,0.4668,0.5006,Q3,False,253,4.0,False,"SYNTHETIC DATA -- generated by judge_audit.simulate, calibrated to published effect sizes. Not the output of any real model."
it0261,model-A,0.7893,0.463,Q3,False,237,8.0,True,"SYNTHETIC DATA -- generated by judge_audit.simulate, calibrated to published effect sizes. Not the output of any real model."
it0262,model-A,0.8616,0.2266,Q1 clearest,False,270,9.0,True,"SYNTHETIC DATA -- generated by judge_audit.simulate, calibrated to published effect sizes. Not the output of any real model."
it0263,model-A,0.6823,0.3762,Q2,False,307,7.0,True,"SYNTHETIC DATA -- generated by judge_audit.simulate, calibrated to published effect sizes. Not the output of any real model."
it0264,model-A,0.3805,0.5525,Q3,False,254,4.0,False,"SYNTHETIC DATA -- generated by judge_audit.simulate, calibrated to published effect sizes. Not the output of any real model."
it0265,model-A,0.3442,0.3471,Q2,False,231,4.0,False,"SYNTHETIC DATA -- generated by judge_audit.simulate, calibrated to published effect sizes. Not the output of any real model."
it0266,model-A,0.6295,0.5248,Q3,False,274,6.0,True,"SYNTHETIC DATA -- generated by judge_audit.simulate, calibrated to published effect sizes. Not the output of any real model."
it0267,model-A,0.5783,0.714,Q4 most ambiguous,False,171,6.0,False,"SYNTHETIC DATA -- generated by judge_audit.simulate, calibrated to published effect sizes. Not the output of any real model."
it0268,model-A,0.5483,0.8768,Q4 most ambiguous,False,195,5.0,False,"SYNTHETIC DATA -- generated by judge_audit.simulate, calibrated to published effect sizes. Not the output of any real model."
it0269,model-A,0.5153,0.6708,Q4 most ambiguous,False,200,5.0,False,"SYNTHETIC DATA -- generated by judge_audit.simulate, calibrated to published effect sizes. Not the output of any real model."
it0270,model-A,0.7998,0.3621,Q2,False,311,7.0,True,"SYNTHETIC DATA -- generated by judge_audit.simulate, calibrated to published effect sizes. Not the output of any real model."
it0271,model-A,0.8228,0.2525,Q1 clearest,True,407,9.0,False,"SYNTHETIC DATA -- generated by judge_audit.simulate, calibrated to published effect sizes. Not the output of any real model."
it0272,model-A,0.5108,0.6849,Q4 most ambiguous,False,270,5.0,False,"SYNTHETIC DATA -- generated by judge_audit.simulate, calibrated to published effect sizes. Not the output of any real model."
it0273,model-A,0.5275,0.2823,Q2,True,281,5.0,False,"SYNTHETIC DATA -- generated by judge_audit.simulate, calibrated to published effect sizes. Not the output of any real model."
it0274,model-A,0.7385,0.1841,Q1 clearest,False,250,6.0,True,"SYNTHETIC DATA -- generated by judge_audit.simulate, calibrated to published effect sizes. Not the output of any real model."
it0275,model-A,0.6752,0.2891,Q2,False,256,7.0,True,"SYNTHETIC DATA -- generated by judge_audit.simulate, calibrated to published effect sizes. Not the output of any real model."
it0276,model-A,0.4455,1.0,Q4 most ambiguous,False,278,4.0,False,"SYNTHETIC DATA -- generated by judge_audit.simulate, calibrated to published effect sizes. Not the output of any real model."
it0277,model-A,0.7317,0.5777,Q4 most ambiguous,False,248,8.0,True,"SYNTHETIC DATA -- generated by judge_audit.simulate, calibrated to published effect sizes. Not the output of any real model."
it0278,model-A,0.7649,0.158,Q1 clearest,False,185,8.0,True,"SYNTHETIC DATA -- generated by judge_audit.simulate, calibrated to published effect sizes. Not the output of any real model."
it0279,model-A,0.6608,0.3211,Q2,False,293,7.0,True,"SYNTHETIC DATA -- generated by judge_audit.simulate, calibrated to published effect sizes. Not the output of any real model."
it0280,model-A,0.6073,0.3959,Q2,False,129,6.0,False,"SYNTHETIC DATA -- generated by judge_audit.simulate, calibrated to published effect sizes. Not the output of any real model."
it0281,model-A,0.8474,0.2654,Q1 clearest,False,303,8.0,True,"SYNTHETIC DATA -- generated by judge_audit.simulate, calibrated to published effect sizes. Not the output of any real model."
it0282,model-A,0.7732,0.6854,Q4 most ambiguous,False,326,8.0,True,"SYNTHETIC DATA -- generated by judge_audit.simulate, calibrated to published effect sizes. Not the output of any real model."
it0283,model-A,0.6606,0.6588,Q4 most ambiguous,False,257,6.0,True,"SYNTHETIC DATA -- generated by judge_audit.simulate, calibrated to published effect sizes. Not the output of any real model."
it0284,model-A,0.5914,0.4089,Q3,False,266,6.0,False,"SYNTHETIC DATA -- generated by judge_audit.simulate, calibrated to published effect sizes. Not the output of any real model."
it0285,model-A,0.7747,0.7034,Q4 most ambiguous,False,238,7.0,True,"SYNTHETIC DATA -- generated by judge_audit.simulate, calibrated to published effect sizes. Not the output of any real model."
it0286,model-A,0.8315,0.2868,Q2,False,285,8.0,True,"SYNTHETIC DATA -- generated by judge_audit.simulate, calibrated to published effect sizes. Not the output of any real model."
it0287,model-A,0.7799,0.7158,Q4 most ambiguous,False,230,8.0,True,"SYNTHETIC DATA -- generated by judge_audit.simulate, calibrated to published effect sizes. Not the output of any real model."
it0288,model-A,0.5498,0.2634,Q1 clearest,True,305,6.0,False,"SYNTHETIC DATA -- generated by judge_audit.simulate, calibrated to published effect sizes. Not the output of any real model."
it0289,model-A,0.6922,0.3597,Q2,False,330,7.0,True,"SYNTHETIC DATA -- generated by judge_audit.simulate, calibrated to published effect sizes. Not the output of any real model."
it0290,model-A,0.6256,0.2565,Q1 clearest,False,300,7.0,True,"SYNTHETIC DATA -- generated by judge_audit.simulate, calibrated to published effect sizes. Not the output of any real model."
it0291,model-A,0.4242,0.5806,Q4 most ambiguous,False,268,5.0,False,"SYNTHETIC DATA -- generated by judge_audit.simulate, calibrated to published effect sizes. Not the output of any real model."
it0292,model-A,0.7498,0.244,Q1 clearest,True,269,9.0,False,"SYNTHETIC DATA -- generated by judge_audit.simulate, calibrated to published effect sizes. Not the output of any real model."
it0293,model-A,0.8346,0.265,Q1 clearest,False,291,7.0,True,"SYNTHETIC DATA -- generated by judge_audit.simulate, calibrated to published effect sizes. Not the output of any real model."
it0294,model-A,0.6578,0.6912,Q4 most ambiguous,False,298,7.0,True,"SYNTHETIC DATA -- generated by judge_audit.simulate, calibrated to published effect sizes. Not the output of any real model."
it0295,model-A,0.8165,0.4118,Q3,False,318,8.0,True,"SYNTHETIC DATA -- generated by judge_audit.simulate, calibrated to published effect sizes. Not the output of any real model."
it0296,model-A,0.4527,0.6987,Q4 most ambiguous,False,218,5.0,False,"SYNTHETIC DATA -- generated by judge_audit.simulate, calibrated to published effect sizes. Not the output of any real model."
it0297,model-A,0.7237,0.4993,Q3,False,246,8.0,True,"SYNTHETIC DATA -- generated by judge_audit.simulate, calibrated to published effect sizes. Not the output of any real model."
it0298,model-A,0.7837,0.8907,Q4 most ambiguous,True,421,9.0,False,"SYNTHETIC DATA -- generated by judge_audit.simulate, calibrated to published effect sizes. Not the output of any real model."
it0299,model-A,0.8706,0.8147,Q4 most ambiguous,False,191,9.0,True,"SYNTHETIC DATA -- generated by judge_audit.simulate, calibrated to published effect sizes. Not the output of any real model."
it0300,model-B,0.658,0.3356,Q2,False,186,7.0,True,"SYNTHETIC DATA -- generated by judge_audit.simulate, calibrated to published effect sizes. Not the output of any real model."
it0301,model-B,0.6055,0.6565,Q4 most ambiguous,False,264,5.0,False,"SYNTHETIC DATA -- generated by judge_audit.simulate, calibrated to published effect sizes. Not the output of any real model."
it0302,model-B,0.728,0.6944,Q4 most ambiguous,False,279,7.0,True,"SYNTHETIC DATA -- generated by judge_audit.simulate, calibrated to published effect sizes. Not the output of any real model."
it0303,model-B,0.8445,0.4121,Q3,True,409,10.0,False,"SYNTHETIC DATA -- generated by judge_audit.simulate, calibrated to published effect sizes. Not the output of any real model."
it0304,model-B,0.6104,0.6523,Q4 most ambiguous,False,280,6.0,False,"SYNTHETIC DATA -- generated by judge_audit.simulate, calibrated to published effect sizes. Not the output of any real model."
it0305,model-B,0.8713,0.0324,Q1 clearest,False,286,9.0,True,"SYNTHETIC DATA -- generated by judge_audit.simulate, calibrated to published effect sizes. Not the output of any real model."
it0306,model-B,0.7658,0.0979,Q1 clearest,False,234,6.0,True,"SYNTHETIC DATA -- generated by judge_audit.simulate, calibrated to published effect sizes. Not the output of any real model."
it0307,model-B,0.5061,0.1533,Q1 clearest,False,219,5.0,False,"SYNTHETIC DATA -- generated by judge_audit.simulate, calibrated to published effect sizes. Not the output of any real model."
it0308,model-B,0.5184,0.4933,Q3,False,223,4.0,False,"SYNTHETIC DATA -- generated by judge_audit.simulate, calibrated to published effect sizes. Not the output of any real model."
it0309,model-B,0.3245,0.5704,Q4 most ambiguous,False,322,2.0,False,"SYNTHETIC DATA -- generated by judge_audit.simulate, calibrated to published effect sizes. Not the output of any real model."
it0310,model-B,0.7551,0.2874,Q2,False,246,8.0,True,"SYNTHETIC DATA -- generated by judge_audit.simulate, calibrated to published effect sizes. Not the output of any real model."
it0311,model-B,0.3547,0.2536,Q1 clearest,False,307,2.0,False,"SYNTHETIC DATA -- generated by judge_audit.simulate, calibrated to published effect sizes. Not the output of any real model."
it0312,model-B,0.4986,0.4678,Q3,False,270,7.0,False,"SYNTHETIC DATA -- generated by judge_audit.simulate, calibrated to published effect sizes. Not the output of any real model."
it0313,model-B,0.9351,0.4745,Q3,False,307,10.0,True,"SYNTHETIC DATA -- generated by judge_audit.simulate, calibrated to published effect sizes. Not the output of any real model."
it0314,model-B,0.6619,0.4706,Q3,False,308,7.0,True,"SYNTHETIC DATA -- generated by judge_audit.simulate, calibrated to published effect sizes. Not the output of any real model."
it0315,model-B,0.4278,0.4493,Q3,True,388,6.0,False,"SYNTHETIC DATA -- generated by judge_audit.simulate, calibrated to published effect sizes. Not the output of any real model."
it0316,model-B,0.8701,0.448,Q3,False,192,10.0,True,"SYNTHETIC DATA -- generated by judge_audit.simulate, calibrated to published effect sizes. Not the output of any real model."
it0317,model-B,0.6461,0.5097,Q3,False,271,7.0,True,"SYNTHETIC DATA -- generated by judge_audit.simulate, calibrated to published effect sizes. Not the output of any real model."
it0318,model-B,0.7825,0.2945,Q2,False,261,9.0,True,"SYNTHETIC DATA -- generated by judge_audit.simulate, calibrated to published effect sizes. Not the output of any real model."
it0319,model-B,0.5152,0.3334,Q2,True,368,6.0,False,"SYNTHETIC DATA -- generated by judge_audit.simulate, calibrated to published effect sizes. Not the output of any real model."
it0320,model-B,0.5361,0.8656,Q4 most ambiguous,False,121,6.0,False,"SYNTHETIC DATA -- generated by judge_audit.simulate, calibrated to published effect sizes. Not the output of any real model."
it0321,model-B,0.6703,0.3717,Q2,False,254,7.0,True,"SYNTHETIC DATA -- generated by judge_audit.simulate, calibrated to published effect sizes. Not the output of any real model."
it0322,model-B,0.4273,0.4443,Q3,False,188,4.0,False,"SYNTHETIC DATA -- generated by judge_audit.simulate, calibrated to published effect sizes. Not the output of any real model."
it0323,model-B,0.5566,0.338,Q2,True,314,6.0,False,"SYNTHETIC DATA -- generated by judge_audit.simulate, calibrated to published effect sizes. Not the output of any real model."
it0324,model-B,0.5929,0.4537,Q3,False,256,7.0,False,"SYNTHETIC DATA -- generated by judge_audit.simulate, calibrated to published effect sizes. Not the output of any real model."
it0325,model-B,0.5758,0.3989,Q2,False,139,6.0,False,"SYNTHETIC DATA -- generated by judge_audit.simulate, calibrated to published effect sizes. Not the output of any real model."
it0326,model-B,0.7654,0.3786,Q2,True,490,9.0,False,"SYNTHETIC DATA -- generated by judge_audit.simulate, calibrated to published effect sizes. Not the output of any real model."
it0327,model-B,0.4154,0.4687,Q3,False,199,5.0,False,"SYNTHETIC DATA -- generated by judge_audit.simulate, calibrated to published effect sizes. Not the output of any real model."
it0328,model-B,0.6694,0.4867,Q3,False,246,8.0,True,"SYNTHETIC DATA -- generated by judge_audit.simulate, calibrated to published effect sizes. Not the output of any real model."
it0329,model-B,0.8334,0.0957,Q1 clearest,False,291,9.0,True,"SYNTHETIC DATA -- generated by judge_audit.simulate, calibrated to published effect sizes. Not the output of any real model."
it0330,model-B,0.695,0.7026,Q4 most ambiguous,False,334,7.0,True,"SYNTHETIC DATA -- generated by judge_audit.simulate, calibrated to published effect sizes. Not the output of any real model."
it0331,model-B,0.6097,0.1738,Q1 clearest,False,318,6.0,False,"SYNTHETIC DATA -- generated by judge_audit.simulate, calibrated to published effect sizes. Not the output of any real model."
it0332,model-B,0.5281,0.3638,Q2,False,93,6.0,False,"SYNTHETIC DATA -- generated by judge_audit.simulate, calibrated to published effect sizes. Not the output of any real model."
it0333,model-B,0.8705,0.3284,Q2,False,298,8.0,True,"SYNTHETIC DATA -- generated by judge_audit.simulate, calibrated to published effect sizes. Not the output of any real model."
it0334,model-B,0.3795,0.0853,Q1 clearest,False,301,4.0,False,"SYNTHETIC DATA -- generated by judge_audit.simulate, calibrated to published effect sizes. Not the output of any real model."
it0335,model-B,0.7409,0.1793,Q1 clearest,True,436,9.0,False,"SYNTHETIC DATA -- generated by judge_audit.simulate, calibrated to published effect sizes. Not the output of any real model."
it0336,model-B,0.7256,0.4618,Q3,False,344,7.0,True,"SYNTHETIC DATA -- generated by judge_audit.simulate, calibrated to published effect sizes. Not the output of any real model."
it0337,model-B,0.8243,0.027,Q1 clearest,False,299,8.0,True,"SYNTHETIC DATA -- generated by judge_audit.simulate, calibrated to published effect sizes. Not the output of any real model."
it0338,model-B,0.6739,0.1408,Q1 clearest,False,253,6.0,True,"SYNTHETIC DATA -- generated by judge_audit.simulate, calibrated to published effect sizes. Not the output of any real model."
it0339,model-B,0.7578,0.3124,Q2,False,171,7.0,True,"SYNTHETIC DATA -- generated by judge_audit.simulate, calibrated to published effect sizes. Not the output of any real model."
it0340,model-B,0.8519,0.7284,Q4 most ambiguous,False,242,9.0,True,"SYNTHETIC DATA -- generated by judge_audit.simulate, calibrated to published effect sizes. Not the output of any real model."
it0341,model-B,0.5329,0.2584,Q1 clearest,False,200,6.0,False,"SYNTHETIC DATA -- generated by judge_audit.simulate, calibrated to published effect sizes. Not the output of any real model."
it0342,model-B,0.6602,0.5435,Q3,True,341,8.0,False,"SYNTHETIC DATA -- generated by judge_audit.simulate, calibrated to published effect sizes. Not the output of any real model."
it0343,model-B,0.7411,0.2406,Q1 clearest,False,301,8.0,True,"SYNTHETIC DATA -- generated by judge_audit.simulate, calibrated to published effect sizes. Not the output of any real model."
it0344,model-B,0.3413,0.1277,Q1 clearest,True,458,4.0,False,"SYNTHETIC DATA -- generated by judge_audit.simulate, calibrated to published effect sizes. Not the output of any real model."
it0345,model-B,0.6505,0.2063,Q1 clearest,False,243,6.0,True,"SYNTHETIC DATA -- generated by judge_audit.simulate, calibrated to published effect sizes. Not the output of any real model."
it0346,model-B,0.8829,0.5368,Q3,False,165,9.0,True,"SYNTHETIC DATA -- generated by judge_audit.simulate, calibrated to published effect sizes. Not the output of any real model."
it0347,model-B,0.7889,0.4671,Q3,False,346,7.0,True,"SYNTHETIC DATA -- generated by judge_audit.simulate, calibrated to published effect sizes. Not the output of any real model."
it0348,model-B,0.5424,0.3542,Q2,False,277,4.0,False,"SYNTHETIC DATA -- generated by judge_audit.simulate, calibrated to published effect sizes. Not the output of any real model."
it0349,model-B,0.8375,0.2477,Q1 clearest,True,350,9.0,False,"SYNTHETIC DATA -- generated by judge_audit.simulate, calibrated to published effect sizes. Not the output of any real model."
it0350,model-B,0.8605,0.438,Q3,False,380,10.0,True,"SYNTHETIC DATA -- generated by judge_audit.simulate, calibrated to published effect sizes. Not the output of any real model."
it0351,model-B,0.442,0.5364,Q3,False,264,4.0,False,"SYNTHETIC DATA -- generated by judge_audit.simulate, calibrated to published effect sizes. Not the output of any real model."
it0352,model-B,0.4731,0.2032,Q1 clearest,False,247,4.0,False,"SYNTHETIC DATA -- generated by judge_audit.simulate, calibrated to published effect sizes. Not the output of any real model."
it0353,model-B,0.4402,0.42,Q3,False,240,5.0,False,"SYNTHETIC DATA -- generated by judge_audit.simulate, calibrated to published effect sizes. Not the output of any real model."
it0354,model-B,0.699,0.6929,Q4 most ambiguous,False,270,8.0,True,"SYNTHETIC DATA -- generated by judge_audit.simulate, calibrated to published effect sizes. Not the output of any real model."
it0355,model-B,0.6432,0.4452,Q3,True,269,7.0,False,"SYNTHETIC DATA -- generated by judge_audit.simulate, calibrated to published effect sizes. Not the output of any real model."
it0356,model-B,0.6946,0.31,Q2,False,335,6.0,True,"SYNTHETIC DATA -- generated by judge_audit.simulate, calibrated to published effect sizes. Not the output of any real model."
it0357,model-B,0.4354,0.6401,Q4 most ambiguous,False,247,5.0,False,"SYNTHETIC DATA -- generated by judge_audit.simulate, calibrated to published effect sizes. Not the output of any real model."
it0358,model-B,0.3786,0.4483,Q3,False,153,4.0,False,"SYNTHETIC DATA -- generated by judge_audit.simulate, calibrated to published effect sizes. Not the output of any real model."
it0359,model-B,0.8909,0.2756,Q1 clearest,False,197,8.0,True,"SYNTHETIC DATA -- generated by judge_audit.simulate, calibrated to published effect sizes. Not the output of any real model."
it0360,model-B,0.7213,0.2735,Q1 clearest,False,297,8.0,True,"SYNTHETIC DATA -- generated by judge_audit.simulate, calibrated to published effect sizes. Not the output of any real model."
it0361,model-B,0.7212,0.301,Q2,True,430,9.0,False,"SYNTHETIC DATA -- generated by judge_audit.simulate, calibrated to published effect sizes. Not the output of any real model."
it0362,model-B,0.4214,0.7928,Q4 most ambiguous,False,211,4.0,False,"SYNTHETIC DATA -- generated by judge_audit.simulate, calibrated to published effect sizes. Not the output of any real model."
it0363,model-B,0.3695,0.7521,Q4 most ambiguous,False,244,3.0,False,"SYNTHETIC DATA -- generated by judge_audit.simulate, calibrated to published effect sizes. Not the output of any real model."
it0364,model-B,0.323,0.3135,Q2,False,247,3.0,False,"SYNTHETIC DATA -- generated by judge_audit.simulate, calibrated to published effect sizes. Not the output of any real model."
it0365,model-B,0.7837,0.6225,Q4 most ambiguous,False,235,10.0,True,"SYNTHETIC DATA -- generated by judge_audit.simulate, calibrated to published effect sizes. Not the output of any real model."
it0366,model-B,0.9286,0.3556,Q2,False,395,9.0,True,"SYNTHETIC DATA -- generated by judge_audit.simulate, calibrated to published effect sizes. Not the output of any real model."
it0367,model-B,0.8217,0.2332,Q1 clearest,False,241,8.0,True,"SYNTHETIC DATA -- generated by judge_audit.simulate, calibrated to published effect sizes. Not the output of any real model."
it0368,model-B,0.811,0.3933,Q2,False,459,8.0,True,"SYNTHETIC DATA -- generated by judge_audit.simulate, calibrated to published effect sizes. Not the output of any real model."
it0369,model-B,0.4454,0.2694,Q1 clearest,False,227,4.0,False,"SYNTHETIC DATA -- generated by judge_audit.simulate, calibrated to published effect sizes. Not the output of any real model."
it0370,model-B,0.3454,0.4745,Q3,False,176,3.0,False,"SYNTHETIC DATA -- generated by judge_audit.simulate, calibrated to published effect sizes. Not the output of any real model."
it0371,model-B,0.6347,0.3293,Q2,False,180,7.0,True,"SYNTHETIC DATA -- generated by judge_audit.simulate, calibrated to published effect sizes. Not the output of any real model."
it0372,model-B,0.5851,0.2131,Q1 clearest,False,220,6.0,False,"SYNTHETIC DATA -- generated by judge_audit.simulate, calibrated to published effect sizes. Not the output of any real model."
it0373,model-B,0.5712,0.6921,Q4 most ambiguous,False,299,6.0,False,"SYNTHETIC DATA -- generated by judge_audit.simulate, calibrated to published effect sizes. Not the output of any real model."
it0374,model-B,0.621,0.426,Q3,False,249,7.0,True,"SYNTHETIC DATA -- generated by judge_audit.simulate, calibrated to published effect sizes. Not the output of any real model."
it0375,model-B,0.7339,0.1347,Q1 clearest,False,271,6.0,True,"SYNTHETIC DATA -- generated by judge_audit.simulate, calibrated to published effect sizes. Not the output of any real model."
it0376,model-B,0.6623,0.3937,Q2,False,292,7.0,True,"SYNTHETIC DATA -- generated by judge_audit.simulate, calibrated to published effect sizes. Not the output of any real model."
it0377,model-B,0.4063,0.5307,Q3,False,227,3.0,False,"SYNTHETIC DATA -- generated by judge_audit.simulate, calibrated to published effect sizes. Not the output of any real model."
it0378,model-B,0.6502,0.239,Q1 clearest,False,314,6.0,True,"SYNTHETIC DATA -- generated by judge_audit.simulate, calibrated to published effect sizes. Not the output of any real model."
it0379,model-B,0.7323,0.7445,Q4 most ambiguous,False,256,8.0,True,"SYNTHETIC DATA -- generated by judge_audit.simulate, calibrated to published effect sizes. Not the output of any real model."
it0380,model-B,0.5935,0.5628,Q4 most ambiguous,True,366,5.0,False,"SYNTHETIC DATA -- generated by judge_audit.simulate, calibrated to published effect sizes. Not the output of any real model."
it0381,model-B,0.5589,0.529,Q3,True,319,6.0,False,"SYNTHETIC DATA -- generated by judge_audit.simulate, calibrated to published effect sizes. Not the output of any real model."
it0382,model-B,0.8552,0.3841,Q2,False,295,9.0,True,"SYNTHETIC DATA -- generated by judge_audit.simulate, calibrated to published effect sizes. Not the output of any real model."
it0383,model-B,0.619,0.0961,Q1 clearest,False,337,6.0,False,"SYNTHETIC DATA -- generated by judge_audit.simulate, calibrated to published effect sizes. Not the output of any real model."
it0384,model-B,0.673,0.1643,Q1 clearest,False,246,7.0,True,"SYNTHETIC DATA -- generated by judge_audit.simulate, calibrated to published effect sizes. Not the output of any real model."
it0385,model-B,0.5887,0.3823,Q2,False,291,5.0,False,"SYNTHETIC DATA -- generated by judge_audit.simulate, calibrated to published effect sizes. Not the output of any real model."
it0386,model-B,0.686,0.2786,Q1 clearest,False,147,6.0,True,"SYNTHETIC DATA -- generated by judge_audit.simulate, calibrated to published effect sizes. Not the output of any real model."
it0387,model-B,0.8598,0.6046,Q4 most ambiguous,False,250,8.0,True,"SYNTHETIC DATA -- generated by judge_audit.simulate, calibrated to published effect sizes. Not the output of any real model."
it0388,model-B,0.8966,0.4035,Q2,False,263,9.0,True,"SYNTHETIC DATA -- generated by judge_audit.simulate, calibrated to published effect sizes. Not the output of any real model."
it0389,model-B,0.494,0.48,Q3,False,244,5.0,False,"SYNTHETIC DATA -- generated by judge_audit.simulate, calibrated to published effect sizes. Not the output of any real model."
it0390,model-B,0.4329,0.2295,Q1 clearest,False,274,4.0,False,"SYNTHETIC DATA -- generated by judge_audit.simulate, calibrated to published effect sizes. Not the output of any real model."
it0391,model-B,0.776,0.5778,Q4 most ambiguous,False,227,8.0,True,"SYNTHETIC DATA -- generated by judge_audit.simulate, calibrated to published effect sizes. Not the output of any real model."
it0392,model-B,0.7622,0.8256,Q4 most ambiguous,True,438,8.0,False,"SYNTHETIC DATA -- generated by judge_audit.simulate, calibrated to published effect sizes. Not the output of any real model."
it0393,model-B,0.6722,0.6252,Q4 most ambiguous,False,323,7.0,True,"SYNTHETIC DATA -- generated by judge_audit.simulate, calibrated to published effect sizes. Not the output of any real model."
it0394,model-B,0.5171,0.6909,Q4 most ambiguous,False,217,6.0,False,"SYNTHETIC DATA -- generated by judge_audit.simulate, calibrated to published effect sizes. Not the output of any real model."
it0395,model-B,0.6907,0.5097,Q3,False,262,8.0,True,"SYNTHETIC DATA -- generated by judge_audit.simulate, calibrated to published effect sizes. Not the output of any real model."
it0396,model-B,0.8938,0.3588,Q2,False,233,9.0,True,"SYNTHETIC DATA -- generated by judge_audit.simulate, calibrated to published effect sizes. Not the output of any real model."
it0397,model-B,0.7926,0.752,Q4 most ambiguous,False,286,9.0,True,"SYNTHETIC DATA -- generated by judge_audit.simulate, calibrated to published effect sizes. Not the output of any real model."
it0398,model-B,0.71,0.2985,Q2,False,233,7.0,True,"SYNTHETIC DATA -- generated by judge_audit.simulate, calibrated to published effect sizes. Not the output of any real model."
it0399,model-B,0.864,0.4211,Q3,False,302,8.0,True,"SYNTHETIC DATA -- generated by judge_audit.simulate, calibrated to published effect sizes. Not the output of any real model."
it0400,model-B,0.5807,0.7525,Q4 most ambiguous,False,259,6.0,False,"SYNTHETIC DATA -- generated by judge_audit.simulate, calibrated to published effect sizes. Not the output of any real model."
it0401,model-B,0.6701,0.4534,Q3,False,208,7.0,True,"SYNTHETIC DATA -- generated by judge_audit.simulate, calibrated to published effect sizes. Not the output of any real model."
it0402,model-B,0.7251,0.5898,Q4 most ambiguous,False,192,7.0,True,"SYNTHETIC DATA -- generated by judge_audit.simulate, calibrated to published effect sizes. Not the output of any real model."
it0403,model-B,0.6026,0.2445,Q1 clearest,True,391,7.0,False,"SYNTHETIC DATA -- generated by judge_audit.simulate, calibrated to published effect sizes. Not the output of any real model."
it0404,model-B,0.613,0.418,Q3,False,248,6.0,False,"SYNTHETIC DATA -- generated by judge_audit.simulate, calibrated to published effect sizes. Not the output of any real model."
it0405,model-B,0.5376,0.153,Q1 clearest,False,296,7.0,False,"SYNTHETIC DATA -- generated by judge_audit.simulate, calibrated to published effect sizes. Not the output of any real model."
it0406,model-B,0.5092,0.8328,Q4 most ambiguous,False,292,5.0,False,"SYNTHETIC DATA -- generated by judge_audit.simulate, calibrated to published effect sizes. Not the output of any real model."
it0407,model-B,0.5152,0.4182,Q3,False,226,4.0,False,"SYNTHETIC DATA -- generated by judge_audit.simulate, calibrated to published effect sizes. Not the output of any real model."
it0408,model-B,0.9433,0.3602,Q2,False,376,8.0,True,"SYNTHETIC DATA -- generated by judge_audit.simulate, calibrated to published effect sizes. Not the output of any real model."
it0409,model-B,0.8714,0.554,Q3,False,167,10.0,True,"SYNTHETIC DATA -- generated by judge_audit.simulate, calibrated to published effect sizes. Not the output of any real model."
it0410,model-B,0.5833,0.6496,Q4 most ambiguous,False,251,7.0,False,"SYNTHETIC DATA -- generated by judge_audit.simulate, calibrated to published effect sizes. Not the output of any real model."
it0411,model-B,0.2672,0.5897,Q4 most ambiguous,True,388,4.0,False,"SYNTHETIC DATA -- generated by judge_audit.simulate, calibrated to published effect sizes. Not the output of any real model."
it0412,model-B,0.7563,0.4458,Q3,False,216,7.0,True,"SYNTHETIC DATA -- generated by judge_audit.simulate, calibrated to published effect sizes. Not the output of any real model."
it0413,model-B,0.7713,0.6774,Q4 most ambiguous,False,286,8.0,True,"SYNTHETIC DATA -- generated by judge_audit.simulate, calibrated to published effect sizes. Not the output of any real model."
it0414,model-B,0.7003,0.4119,Q3,False,368,7.0,True,"SYNTHETIC DATA -- generated by judge_audit.simulate, calibrated to published effect sizes. Not the output of any real model."
it0415,model-B,0.3121,0.314,Q2,False,262,2.0,False,"SYNTHETIC DATA -- generated by judge_audit.simulate, calibrated to published effect sizes. Not the output of any real model."
it0416,model-B,0.6452,0.4296,Q3,False,152,8.0,True,"SYNTHETIC DATA -- generated by judge_audit.simulate, calibrated to published effect sizes. Not the output of any real model."
it0417,model-B,0.2869,0.6269,Q4 most ambiguous,False,225,3.0,False,"SYNTHETIC DATA -- generated by judge_audit.simulate, calibrated to published effect sizes. Not the output of any real model."
it0418,model-B,0.895,0.0541,Q1 clearest,True,376,10.0,False,"SYNTHETIC DATA -- generated by judge_audit.simulate, calibrated to published effect sizes. Not the output of any real model."
it0419,model-B,0.6945,0.0915,Q1 clearest,False,281,6.0,True,"SYNTHETIC DATA -- generated by judge_audit.simulate, calibrated to published effect sizes. Not the output of any real model."
it0420,model-B,0.7827,0.3183,Q2,True,381,9.0,False,"SYNTHETIC DATA -- generated by judge_audit.simulate, calibrated to published effect sizes. Not the output of any real model."
it0421,model-B,0.7745,0.5088,Q3,False,247,8.0,True,"SYNTHETIC DATA -- generated by judge_audit.simulate, calibrated to published effect sizes. Not the output of any real model."
it0422,model-B,0.5689,0.5159,Q3,False,253,4.0,False,"SYNTHETIC DATA -- generated by judge_audit.simulate, calibrated to published effect sizes. Not the output of any real model."
it0423,model-B,0.6613,0.1418,Q1 clearest,False,205,6.0,True,"SYNTHETIC DATA -- generated by judge_audit.simulate, calibrated to published effect sizes. Not the output of any real model."
it0424,model-B,0.4962,0.3853,Q2,False,283,6.0,False,"SYNTHETIC DATA -- generated by judge_audit.simulate, calibrated to published effect sizes. Not the output of any real model."
it0425,model-B,0.629,0.5367,Q3,True,279,7.0,False,"SYNTHETIC DATA -- generated by judge_audit.simulate, calibrated to published effect sizes. Not the output of any real model."
it0426,model-B,0.4148,0.5138,Q3,False,283,4.0,False,"SYNTHETIC DATA -- generated by judge_audit.simulate, calibrated to published effect sizes. Not the output of any real model."
it0427,model-B,0.6692,0.039,Q1 clearest,False,246,8.0,True,"SYNTHETIC DATA -- generated by judge_audit.simulate, calibrated to published effect sizes. Not the output of any real model."
it0428,model-B,0.7744,0.1542,Q1 clearest,False,337,6.0,True,"SYNTHETIC DATA -- generated by judge_audit.simulate, calibrated to published effect sizes. Not the output of any real model."
it0429,model-B,0.5953,0.5087,Q3,True,415,6.0,False,"SYNTHETIC DATA -- generated by judge_audit.simulate, calibrated to published effect sizes. Not the output of any real model."
it0430,model-B,0.5982,0.6822,Q4 most ambiguous,False,314,6.0,False,"SYNTHETIC DATA -- generated by judge_audit.simulate, calibrated to published effect sizes. Not the output of any real model."
it0431,model-B,0.756,0.2929,Q2,False,178,9.0,True,"SYNTHETIC DATA -- generated by judge_audit.simulate, calibrated to published effect sizes. Not the output of any real model."
it0432,model-B,0.7756,0.375,Q2,False,358,8.0,True,"SYNTHETIC DATA -- generated by judge_audit.simulate, calibrated to published effect sizes. Not the output of any real model."
it0433,model-B,0.8492,0.2098,Q1 clearest,False,197,10.0,True,"SYNTHETIC DATA -- generated by judge_audit.simulate, calibrated to published effect sizes. Not the output of any real model."
it0434,model-B,0.8059,0.4201,Q3,False,318,8.0,True,"SYNTHETIC DATA -- generated by judge_audit.simulate, calibrated to published effect sizes. Not the output of any real model."
it0435,model-B,0.7713,0.3183,Q2,False,242,6.0,True,"SYNTHETIC DATA -- generated by judge_audit.simulate, calibrated to published effect sizes. Not the output of any real model."
it0436,model-B,0.6935,0.7945,Q4 most ambiguous,False,205,7.0,True,"SYNTHETIC DATA -- generated by judge_audit.simulate, calibrated to published effect sizes. Not the output of any real model."
it0437,model-B,0.5327,0.0802,Q1 clearest,False,254,6.0,False,"SYNTHETIC DATA -- generated by judge_audit.simulate, calibrated to published effect sizes. Not the output of any real model."
it0438,model-B,0.5866,0.6455,Q4 most ambiguous,False,348,6.0,False,"SYNTHETIC DATA -- generated by judge_audit.simulate, calibrated to published effect sizes. Not the output of any real model."
it0439,model-B,0.6494,0.7341,Q4 most ambiguous,False,375,8.0,True,"SYNTHETIC DATA -- generated by judge_audit.simulate, calibrated to published effect sizes. Not the output of any real model."
it0440,model-B,0.7255,0.3569,Q2,False,289,6.0,True,"SYNTHETIC DATA -- generated by judge_audit.simulate, calibrated to published effect sizes. Not the output of any real model."
it0441,model-B,0.4882,0.6519,Q4 most ambiguous,False,301,5.0,False,"SYNTHETIC DATA -- generated by judge_audit.simulate, calibrated to published effect sizes. Not the output of any real model."
it0442,model-B,0.5601,0.5126,Q3,False,247,7.0,False,"SYNTHETIC DATA -- generated by judge_audit.simulate, calibrated to published effect sizes. Not the output of any real model."
it0443,model-B,0.4928,0.5157,Q3,False,214,5.0,False,"SYNTHETIC DATA -- generated by judge_audit.simulate, calibrated to published effect sizes. Not the output of any real model."
it0444,model-B,0.8341,0.2706,Q1 clearest,False,309,8.0,True,"SYNTHETIC DATA -- generated by judge_audit.simulate, calibrated to published effect sizes. Not the output of any real model."
it0445,model-B,0.4207,0.1778,Q1 clearest,False,276,3.0,False,"SYNTHETIC DATA -- generated by judge_audit.simulate, calibrated to published effect sizes. Not the output of any real model."
it0446,model-B,0.8427,0.1694,Q1 clearest,False,252,8.0,True,"SYNTHETIC DATA -- generated by judge_audit.simulate, calibrated to published effect sizes. Not the output of any real model."
it0447,model-B,0.3565,0.2897,Q2,False,269,5.0,False,"SYNTHETIC DATA -- generated by judge_audit.simulate, calibrated to published effect sizes. Not the output of any real model."
it0448,model-B,0.5232,0.193,Q1 clearest,True,373,5.0,False,"SYNTHETIC DATA -- generated by judge_audit.simulate, calibrated to published effect sizes. Not the output of any real model."
it0449,model-B,0.7696,0.4045,Q2,False,279,7.0,True,"SYNTHETIC DATA -- generated by judge_audit.simulate, calibrated to published effect sizes. Not the output of any real model."
it0450,model-B,0.3913,0.5178,Q3,False,223,4.0,False,"SYNTHETIC DATA -- generated by judge_audit.simulate, calibrated to published effect sizes. Not the output of any real model."
it0451,model-B,0.4685,0.332,Q2,True,405,6.0,False,"SYNTHETIC DATA -- generated by judge_audit.simulate, calibrated to published effect sizes. Not the output of any real model."
it0452,model-B,0.5978,0.4592,Q3,False,240,7.0,False,"SYNTHETIC DATA -- generated by judge_audit.simulate, calibrated to published effect sizes. Not the output of any real model."
it0453,model-B,0.5273,0.6141,Q4 most ambiguous,True,483,6.0,False,"SYNTHETIC DATA -- generated by judge_audit.simulate, calibrated to published effect sizes. Not the output of any real model."
it0454,model-B,0.8646,0.6928,Q4 most ambiguous,False,278,8.0,True,"SYNTHETIC DATA -- generated by judge_audit.simulate, calibrated to published effect sizes. Not the output of any real model."
it0455,model-B,0.8668,0.5651,Q4 most ambiguous,False,222,8.0,True,"SYNTHETIC DATA -- generated by judge_audit.simulate, calibrated to published effect sizes. Not the output of any real model."
it0456,model-B,0.7301,0.3292,Q2,False,334,7.0,True,"SYNTHETIC DATA -- generated by judge_audit.simulate, calibrated to published effect sizes. Not the output of any real model."
it0457,model-B,0.7885,0.3108,Q2,False,269,7.0,True,"SYNTHETIC DATA -- generated by judge_audit.simulate, calibrated to published effect sizes. Not the output of any real model."
it0458,model-B,0.6442,0.6069,Q4 most ambiguous,False,131,7.0,True,"SYNTHETIC DATA -- generated by judge_audit.simulate, calibrated to published effect sizes. Not the output of any real model."
it0459,model-B,0.5337,0.2933,Q2,False,178,7.0,False,"SYNTHETIC DATA -- generated by judge_audit.simulate, calibrated to published effect sizes. Not the output of any real model."
it0460,model-B,0.3748,0.6041,Q4 most ambiguous,False,195,4.0,False,"SYNTHETIC DATA -- generated by judge_audit.simulate, calibrated to published effect sizes. Not the output of any real model."
it0461,model-B,0.6238,0.3206,Q2,False,347,6.0,True,"SYNTHETIC DATA -- generated by judge_audit.simulate, calibrated to published effect sizes. Not the output of any real model."
it0462,model-B,0.3348,0.2945,Q2,False,162,3.0,False,"SYNTHETIC DATA -- generated by judge_audit.simulate, calibrated to published effect sizes. Not the output of any real model."
it0463,model-B,0.6244,0.418,Q3,True,342,7.0,False,"SYNTHETIC DATA -- generated by judge_audit.simulate, calibrated to published effect sizes. Not the output of any real model."
it0464,model-B,0.8518,0.2081,Q1 clearest,False,243,9.0,True,"SYNTHETIC DATA -- generated by judge_audit.simulate, calibrated to published effect sizes. Not the output of any real model."
it0465,model-B,0.6994,0.2865,Q2,False,275,7.0,True,"SYNTHETIC DATA -- generated by judge_audit.simulate, calibrated to published effect sizes. Not the output of any real model."
it0466,model-B,0.6284,0.483,Q3,False,285,6.0,True,"SYNTHETIC DATA -- generated by judge_audit.simulate, calibrated to published effect sizes. Not the output of any real model."
it0467,model-B,0.8391,0.0829,Q1 clearest,False,223,8.0,True,"SYNTHETIC DATA -- generated by judge_audit.simulate, calibrated to published effect sizes. Not the output of any real model."
it0468,model-B,0.6357,0.1852,Q1 clearest,False,257,7.0,True,"SYNTHETIC DATA -- generated by judge_audit.simulate, calibrated to published effect sizes. Not the output of any real model."
it0469,model-B,0.6449,0.6741,Q4 most ambiguous,True,327,7.0,False,"SYNTHETIC DATA -- generated by judge_audit.simulate, calibrated to published effect sizes. Not the output of any real model."
it0470,model-B,0.7833,0.5208,Q3,False,268,9.0,True,"SYNTHETIC DATA -- generated by judge_audit.simulate, calibrated to published effect sizes. Not the output of any real model."
it0471,model-B,0.7217,0.3127,Q2,True,300,7.0,False,"SYNTHETIC DATA -- generated by judge_audit.simulate, calibrated to published effect sizes. Not the output of any real model."
it0472,model-B,0.3264,0.575,Q4 most ambiguous,False,319,3.0,False,"SYNTHETIC DATA -- generated by judge_audit.simulate, calibrated to published effect sizes. Not the output of any real model."
it0473,model-B,0.3502,0.7616,Q4 most ambiguous,False,281,2.0,False,"SYNTHETIC DATA -- generated by judge_audit.simulate, calibrated to published effect sizes. Not the output of any real model."
it0474,model-B,0.8273,0.3753,Q2,False,191,8.0,True,"SYNTHETIC DATA -- generated by judge_audit.simulate, calibrated to published effect sizes. Not the output of any real model."
it0475,model-B,0.3469,0.6047,Q4 most ambiguous,False,283,3.0,False,"SYNTHETIC DATA -- generated by judge_audit.simulate, calibrated to published effect sizes. Not the output of any real model."
it0476,model-B,0.3955,0.4155,Q3,True,456,3.0,False,"SYNTHETIC DATA -- generated by judge_audit.simulate, calibrated to published effect sizes. Not the output of any real model."
it0477,model-B,0.5703,0.4547,Q3,False,219,6.0,False,"SYNTHETIC DATA -- generated by judge_audit.simulate, calibrated to published effect sizes. Not the output of any real model."
it0478,model-B,0.4413,0.6446,Q4 most ambiguous,False,196,4.0,False,"SYNTHETIC DATA -- generated by judge_audit.simulate, calibrated to published effect sizes. Not the output of any real model."
it0479,model-B,0.7468,0.5953,Q4 most ambiguous,False,292,7.0,True,"SYNTHETIC DATA -- generated by judge_audit.simulate, calibrated to published effect sizes. Not the output of any real model."
it0480,model-B,0.8404,0.1107,Q1 clearest,False,194,7.0,True,"SYNTHETIC DATA -- generated by judge_audit.simulate, calibrated to published effect sizes. Not the output of any real model."
it0481,model-B,0.3858,0.5622,Q4 most ambiguous,False,305,5.0,False,"SYNTHETIC DATA -- generated by judge_audit.simulate, calibrated to published effect sizes. Not the output of any real model."
it0482,model-B,0.7517,0.4426,Q3,False,174,8.0,True,"SYNTHETIC DATA -- generated by judge_audit.simulate, calibrated to published effect sizes. Not the output of any real model."
it0483,model-B,0.7453,0.7715,Q4 most ambiguous,False,187,8.0,True,"SYNTHETIC DATA -- generated by judge_audit.simulate, calibrated to published effect sizes. Not the output of any real model."
it0484,model-B,0.2919,0.4207,Q3,False,277,4.0,False,"SYNTHETIC DATA -- generated by judge_audit.simulate, calibrated to published effect sizes. Not the output of any real model."
it0485,model-B,0.6614,0.4642,Q3,False,157,7.0,True,"SYNTHETIC DATA -- generated by judge_audit.simulate, calibrated to published effect sizes. Not the output of any real model."
it0486,model-B,0.5417,0.5866,Q4 most ambiguous,False,224,5.0,False,"SYNTHETIC DATA -- generated by judge_audit.simulate, calibrated to published effect sizes. Not the output of any real model."
it0487,model-B,0.7017,0.143,Q1 clearest,True,366,8.0,False,"SYNTHETIC DATA -- generated by judge_audit.simulate, calibrated to published effect sizes. Not the output of any real model."
it0488,model-B,0.7796,0.6212,Q4 most ambiguous,False,263,9.0,True,"SYNTHETIC DATA -- generated by judge_audit.simulate, calibrated to published effect sizes. Not the output of any real model."
it0489,model-B,0.6999,0.6094,Q4 most ambiguous,False,283,7.0,True,"SYNTHETIC DATA -- generated by judge_audit.simulate, calibrated to published effect sizes. Not the output of any real model."
it0490,model-B,0.5118,0.302,Q2,True,458,7.0,False,"SYNTHETIC DATA -- generated by judge_audit.simulate, calibrated to published effect sizes. Not the output of any real model."
it0491,model-B,0.5235,0.723,Q4 most ambiguous,False,396,5.0,False,"SYNTHETIC DATA -- generated by judge_audit.simulate, calibrated to published effect sizes. Not the output of any real model."
it0492,model-B,0.7898,0.409,Q3,False,257,8.0,True,"SYNTHETIC DATA -- generated by judge_audit.simulate, calibrated to published effect sizes. Not the output of any real model."
it0493,model-B,0.7702,0.4081,Q2,True,312,9.0,False,"SYNTHETIC DATA -- generated by judge_audit.simulate, calibrated to published effect sizes. Not the output of any real model."
it0494,model-B,0.6671,0.122,Q1 clearest,False,243,6.0,True,"SYNTHETIC DATA -- generated by judge_audit.simulate, calibrated to published effect sizes. Not the output of any real model."
it0495,model-B,0.3819,0.8201,Q4 most ambiguous,False,243,4.0,False,"SYNTHETIC DATA -- generated by judge_audit.simulate, calibrated to published effect sizes. Not the output of any real model."
it0496,model-B,0.5682,0.2142,Q1 clearest,False,263,6.0,False,"SYNTHETIC DATA -- generated by judge_audit.simulate, calibrated to published effect sizes. Not the output of any real model."
it0497,model-B,0.4039,0.3752,Q2,True,464,5.0,False,"SYNTHETIC DATA -- generated by judge_audit.simulate, calibrated to published effect sizes. Not the output of any real model."
it0498,model-B,0.2895,0.1085,Q1 clearest,True,192,5.0,False,"SYNTHETIC DATA -- generated by judge_audit.simulate, calibrated to published effect sizes. Not the output of any real model."
it0499,model-B,0.2038,0.3778,Q2,False,173,1.0,False,"SYNTHETIC DATA -- generated by judge_audit.simulate, calibrated to published effect sizes. Not the output of any real model."
it0500,model-B,0.9012,0.4184,Q3,False,258,8.0,True,"SYNTHETIC DATA -- generated by judge_audit.simulate, calibrated to published effect sizes. Not the output of any real model."
it0501,model-B,0.71,0.808,Q4 most ambiguous,False,178,7.0,True,"SYNTHETIC DATA -- generated by judge_audit.simulate, calibrated to published effect sizes. Not the output of any real model."
it0502,model-B,0.7892,0.5575,Q4 most ambiguous,False,259,9.0,True,"SYNTHETIC DATA -- generated by judge_audit.simulate, calibrated to published effect sizes. Not the output of any real model."
it0503,model-B,0.7223,0.2872,Q2,False,298,7.0,True,"SYNTHETIC DATA -- generated by judge_audit.simulate, calibrated to published effect sizes. Not the output of any real model."
it0504,model-B,0.6298,0.1401,Q1 clearest,False,285,7.0,True,"SYNTHETIC DATA -- generated by judge_audit.simulate, calibrated to published effect sizes. Not the output of any real model."
it0505,model-B,0.6921,0.4162,Q3,False,321,7.0,True,"SYNTHETIC DATA -- generated by judge_audit.simulate, calibrated to published effect sizes. Not the output of any real model."
it0506,model-B,0.5221,0.2122,Q1 clearest,False,84,5.0,False,"SYNTHETIC DATA -- generated by judge_audit.simulate, calibrated to published effect sizes. Not the output of any real model."
it0507,model-B,0.8639,0.5064,Q3,False,333,7.0,True,"SYNTHETIC DATA -- generated by judge_audit.simulate, calibrated to published effect sizes. Not the output of any real model."
it0508,model-B,0.8628,0.653,Q4 most ambiguous,False,190,8.0,True,"SYNTHETIC DATA -- generated by judge_audit.simulate, calibrated to published effect sizes. Not the output of any real model."
it0509,model-B,0.3924,0.3652,Q2,False,294,4.0,False,"SYNTHETIC DATA -- generated by judge_audit.simulate, calibrated to published effect sizes. Not the output of any real model."
it0510,model-B,0.5751,0.3243,Q2,True,353,7.0,False,"SYNTHETIC DATA -- generated by judge_audit.simulate, calibrated to published effect sizes. Not the output of any real model."
it0511,model-B,0.365,0.332,Q2,False,202,4.0,False,"SYNTHETIC DATA -- generated by judge_audit.simulate, calibrated to published effect sizes. Not the output of any real model."
it0512,model-B,0.7054,0.2223,Q1 clearest,True,310,9.0,False,"SYNTHETIC DATA -- generated by judge_audit.simulate, calibrated to published effect sizes. Not the output of any real model."
it0513,model-B,0.4102,0.3685,Q2,False,178,3.0,False,"SYNTHETIC DATA -- generated by judge_audit.simulate, calibrated to published effect sizes. Not the output of any real model."
it0514,model-B,0.6692,0.305,Q2,False,239,8.0,True,"SYNTHETIC DATA -- generated by judge_audit.simulate, calibrated to published effect sizes. Not the output of any real model."
it0515,model-B,0.6544,0.2916,Q2,False,197,7.0,True,"SYNTHETIC DATA -- generated by judge_audit.simulate, calibrated to published effect sizes. Not the output of any real model."
it0516,model-B,0.1175,0.6965,Q4 most ambiguous,False,128,1.0,False,"SYNTHETIC DATA -- generated by judge_audit.simulate, calibrated to published effect sizes. Not the output of any real model."
it0517,model-B,0.4208,0.0886,Q1 clearest,False,237,5.0,False,"SYNTHETIC DATA -- generated by judge_audit.simulate, calibrated to published effect sizes. Not the output of any real model."
it0518,model-B,0.4186,0.1833,Q1 clearest,True,344,5.0,False,"SYNTHETIC DATA -- generated by judge_audit.simulate, calibrated to published effect sizes. Not the output of any real model."
it0519,model-B,0.8769,0.2266,Q1 clearest,False,175,8.0,True,"SYNTHETIC DATA -- generated by judge_audit.simulate, calibrated to published effect sizes. Not the output of any real model."
it0520,model-B,0.821,0.6215,Q4 most ambiguous,False,314,8.0,True,"SYNTHETIC DATA -- generated by judge_audit.simulate, calibrated to published effect sizes. Not the output of any real model."
it0521,model-B,0.4969,0.5351,Q3,False,241,4.0,False,"SYNTHETIC DATA -- generated by judge_audit.simulate, calibrated to published effect sizes. Not the output of any real model."
it0522,model-B,0.6354,0.4614,Q3,True,421,7.0,False,"SYNTHETIC DATA -- generated by judge_audit.simulate, calibrated to published effect sizes. Not the output of any real model."
it0523,model-B,0.6992,0.6618,Q4 most ambiguous,False,269,6.0,True,"SYNTHETIC DATA -- generated by judge_audit.simulate, calibrated to published effect sizes. Not the output of any real model."
it0524,model-B,0.5202,0.329,Q2,False,293,5.0,False,"SYNTHETIC DATA -- generated by judge_audit.simulate, calibrated to published effect sizes. Not the output of any real model."
it0525,model-B,0.6266,0.3289,Q2,False,192,5.0,True,"SYNTHETIC DATA -- generated by judge_audit.simulate, calibrated to published effect sizes. Not the output of any real model."
it0526,model-B,0.6276,0.5215,Q3,False,303,6.0,True,"SYNTHETIC DATA -- generated by judge_audit.simulate, calibrated to published effect sizes. Not the output of any real model."
it0527,model-B,0.6565,0.8367,Q4 most ambiguous,False,193,6.0,True,"SYNTHETIC DATA -- generated by judge_audit.simulate, calibrated to published effect sizes. Not the output of any real model."
it0528,model-B,0.8718,0.0317,Q1 clearest,False,332,10.0,True,"SYNTHETIC DATA -- generated by judge_audit.simulate, calibrated to published effect sizes. Not the output of any real model."
it0529,model-B,0.7944,0.2034,Q1 clearest,False,259,7.0,True,"SYNTHETIC DATA -- generated by judge_audit.simulate, calibrated to published effect sizes. Not the output of any real model."
it0530,model-B,0.625,0.2622,Q1 clearest,False,231,6.0,True,"SYNTHETIC DATA -- generated by judge_audit.simulate, calibrated to published effect sizes. Not the output of any real model."
it0531,model-B,0.4737,0.3016,Q2,False,98,5.0,False,"SYNTHETIC DATA -- generated by judge_audit.simulate, calibrated to published effect sizes. Not the output of any real model."
it0532,model-B,0.6105,0.3567,Q2,False,247,5.0,False,"SYNTHETIC DATA -- generated by judge_audit.simulate, calibrated to published effect sizes. Not the output of any real model."
it0533,model-B,0.392,0.6915,Q4 most ambiguous,False,201,4.0,False,"SYNTHETIC DATA -- generated by judge_audit.simulate, calibrated to published effect sizes. Not the output of any real model."
it0534,model-B,0.7177,0.5455,Q3,False,387,8.0,True,"SYNTHETIC DATA -- generated by judge_audit.simulate, calibrated to published effect sizes. Not the output of any real model."
it0535,model-B,0.8033,0.4151,Q3,True,420,9.0,False,"SYNTHETIC DATA -- generated by judge_audit.simulate, calibrated to published effect sizes. Not the output of any real model."
it0536,model-B,0.5144,0.6507,Q4 most ambiguous,False,237,6.0,False,"SYNTHETIC DATA -- generated by judge_audit.simulate, calibrated to published effect sizes. Not the output of any real model."
it0537,model-B,0.7168,0.4244,Q3,False,347,6.0,True,"SYNTHETIC DATA -- generated by judge_audit.simulate, calibrated to published effect sizes. Not the output of any real model."
it0538,model-B,0.7572,0.1997,Q1 clearest,False,290,8.0,True,"SYNTHETIC DATA -- generated by judge_audit.simulate, calibrated to published effect sizes. Not the output of any real model."
it0539,model-B,0.5712,0.4028,Q2,False,289,5.0,False,"SYNTHETIC DATA -- generated by judge_audit.simulate, calibrated to published effect sizes. Not the output of any real model."
it0540,model-B,0.5585,0.3157,Q2,False,163,6.0,False,"SYNTHETIC DATA -- generated by judge_audit.simulate, calibrated to published effect sizes. Not the output of any real model."
it0541,model-B,0.6216,0.5652,Q4 most ambiguous,False,258,5.0,True,"SYNTHETIC DATA -- generated by judge_audit.simulate, calibrated to published effect sizes. Not the output of any real model."
it0542,model-B,0.6222,0.1909,Q1 clearest,False,211,6.0,True,"SYNTHETIC DATA -- generated by judge_audit.simulate, calibrated to published effect sizes. Not the output of any real model."
it0543,model-B,0.5222,0.7173,Q4 most ambiguous,False,175,4.0,False,"SYNTHETIC DATA -- generated by judge_audit.simulate, calibrated to published effect sizes. Not the output of any real model."
it0544,model-B,0.8249,0.3004,Q2,False,274,9.0,True,"SYNTHETIC DATA -- generated by judge_audit.simulate, calibrated to published effect sizes. Not the output of any real model."
it0545,model-B,0.3707,0.4243,Q3,False,257,3.0,False,"SYNTHETIC DATA -- generated by judge_audit.simulate, calibrated to published effect sizes. Not the output of any real model."
it0546,model-B,0.5732,0.1901,Q1 clearest,False,245,7.0,False,"SYNTHETIC DATA -- generated by judge_audit.simulate, calibrated to published effect sizes. Not the output of any real model."
it0547,model-B,0.9065,0.4574,Q3,False,245,10.0,True,"SYNTHETIC DATA -- generated by judge_audit.simulate, calibrated to published effect sizes. Not the output of any real model."
it0548,model-B,0.9108,0.3801,Q2,True,454,10.0,False,"SYNTHETIC DATA -- generated by judge_audit.simulate, calibrated to published effect sizes. Not the output of any real model."
it0549,model-B,0.9278,0.471,Q3,False,236,10.0,True,"SYNTHETIC DATA -- generated by judge_audit.simulate, calibrated to published effect sizes. Not the output of any real model."
it0550,model-B,0.4808,0.9602,Q4 most ambiguous,False,201,5.0,False,"SYNTHETIC DATA -- generated by judge_audit.simulate, calibrated to published effect sizes. Not the output of any real model."
it0551,model-B,0.6212,0.4212,Q3,False,215,7.0,True,"SYNTHETIC DATA -- generated by judge_audit.simulate, calibrated to published effect sizes. Not the output of any real model."
it0552,model-B,0.6227,0.0932,Q1 clearest,False,192,6.0,True,"SYNTHETIC DATA -- generated by judge_audit.simulate, calibrated to published effect sizes. Not the output of any real model."
it0553,model-B,0.4807,0.214,Q1 clearest,True,361,6.0,False,"SYNTHETIC DATA -- generated by judge_audit.simulate, calibrated to published effect sizes. Not the output of any real model."
it0554,model-B,0.6179,0.3563,Q2,True,371,6.0,False,"SYNTHETIC DATA -- generated by judge_audit.simulate, calibrated to published effect sizes. Not the output of any real model."
it0555,model-B,0.5683,0.1883,Q1 clearest,False,208,6.0,False,"SYNTHETIC DATA -- generated by judge_audit.simulate, calibrated to published effect sizes. Not the output of any real model."
it0556,model-B,0.2134,0.6381,Q4 most ambiguous,False,191,3.0,False,"SYNTHETIC DATA -- generated by judge_audit.simulate, calibrated to published effect sizes. Not the output of any real model."
it0557,model-B,0.6691,0.4916,Q3,False,226,5.0,True,"SYNTHETIC DATA -- generated by judge_audit.simulate, calibrated to published effect sizes. Not the output of any real model."
it0558,model-B,0.5503,0.2555,Q1 clearest,False,236,6.0,False,"SYNTHETIC DATA -- generated by judge_audit.simulate, calibrated to published effect sizes. Not the output of any real model."
it0559,model-B,0.7734,0.2928,Q2,False,307,8.0,True,"SYNTHETIC DATA -- generated by judge_audit.simulate, calibrated to published effect sizes. Not the output of any real model."
it0560,model-B,0.8969,0.5577,Q4 most ambiguous,False,268,10.0,True,"SYNTHETIC DATA -- generated by judge_audit.simulate, calibrated to published effect sizes. Not the output of any real model."
it0561,model-B,0.8065,0.2157,Q1 clearest,False,179,9.0,True,"SYNTHETIC DATA -- generated by judge_audit.simulate, calibrated to published effect sizes. Not the output of any real model."
it0562,model-B,0.3121,0.0446,Q1 clearest,False,261,3.0,False,"SYNTHETIC DATA -- generated by judge_audit.simulate, calibrated to published effect sizes. Not the output of any real model."
it0563,model-B,0.5445,0.3332,Q2,False,326,7.0,False,"SYNTHETIC DATA -- generated by judge_audit.simulate, calibrated to published effect sizes. Not the output of any real model."
it0564,model-B,0.4838,0.6252,Q4 most ambiguous,False,254,4.0,False,"SYNTHETIC DATA -- generated by judge_audit.simulate, calibrated to published effect sizes. Not the output of any real model."
it0565,model-B,0.6768,0.6503,Q4 most ambiguous,False,340,6.0,True,"SYNTHETIC DATA -- generated by judge_audit.simulate, calibrated to published effect sizes. Not the output of any real model."
it0566,model-B,0.8063,0.3616,Q2,False,240,9.0,True,"SYNTHETIC DATA -- generated by judge_audit.simulate, calibrated to published effect sizes. Not the output of any real model."
it0567,model-B,0.5069,0.4563,Q3,False,222,5.0,False,"SYNTHETIC DATA -- generated by judge_audit.simulate, calibrated to published effect sizes. Not the output of any real model."
it0568,model-B,0.757,0.4974,Q3,False,322,7.0,True,"SYNTHETIC DATA -- generated by judge_audit.simulate, calibrated to published effect sizes. Not the output of any real model."
it0569,model-B,0.7157,0.4011,Q2,False,409,9.0,True,"SYNTHETIC DATA -- generated by judge_audit.simulate, calibrated to published effect sizes. Not the output of any real model."
it0570,model-B,0.7566,0.7291,Q4 most ambiguous,True,367,8.0,False,"SYNTHETIC DATA -- generated by judge_audit.simulate, calibrated to published effect sizes. Not the output of any real model."
it0571,model-B,0.2785,0.6133,Q4 most ambiguous,False,248,3.0,False,"SYNTHETIC DATA -- generated by judge_audit.simulate, calibrated to published effect sizes. Not the output of any real model."
it0572,model-B,0.6175,0.3075,Q2,False,243,6.0,False,"SYNTHETIC DATA -- generated by judge_audit.simulate, calibrated to published effect sizes. Not the output of any real model."
it0573,model-B,0.4238,0.2814,Q2,False,263,3.0,False,"SYNTHETIC DATA -- generated by judge_audit.simulate, calibrated to published effect sizes. Not the output of any real model."
it0574,model-B,0.5727,0.1098,Q1 clearest,False,294,4.0,False,"SYNTHETIC DATA -- generated by judge_audit.simulate, calibrated to published effect sizes. Not the output of any real model."
it0575,model-B,0.6178,0.2572,Q1 clearest,False,213,6.0,False,"SYNTHETIC DATA -- generated by judge_audit.simulate, calibrated to published effect sizes. Not the output of any real model."
it0576,model-B,0.762,0.4411,Q3,False,218,8.0,True,"SYNTHETIC DATA -- generated by judge_audit.simulate, calibrated to published effect sizes. Not the output of any real model."
it0577,model-B,0.5407,0.1085,Q1 clearest,False,267,5.0,False,"SYNTHETIC DATA -- generated by judge_audit.simulate, calibrated to published effect sizes. Not the output of any real model."
it0578,model-B,0.8452,0.3726,Q2,False,277,8.0,True,"SYNTHETIC DATA -- generated by judge_audit.simulate, calibrated to published effect sizes. Not the output of any real model."
it0579,model-B,0.908,0.3699,Q2,False,319,8.0,True,"SYNTHETIC DATA -- generated by judge_audit.simulate, calibrated to published effect sizes. Not the output of any real model."
it0580,model-B,0.5488,0.4249,Q3,True,366,5.0,False,"SYNTHETIC DATA -- generated by judge_audit.simulate, calibrated to published effect sizes. Not the output of any real model."
it0581,model-B,0.7155,0.3007,Q2,False,244,7.0,True,"SYNTHETIC DATA -- generated by judge_audit.simulate, calibrated to published effect sizes. Not the output of any real model."
it0582,model-B,0.8548,0.6849,Q4 most ambiguous,False,308,8.0,True,"SYNTHETIC DATA -- generated by judge_audit.simulate, calibrated to published effect sizes. Not the output of any real model."
it0583,model-B,0.8407,0.328,Q2,False,354,8.0,True,"SYNTHETIC DATA -- generated by judge_audit.simulate, calibrated to published effect sizes. Not the output of any real model."
it0584,model-B,0.6886,0.4494,Q3,False,213,7.0,True,"SYNTHETIC DATA -- generated by judge_audit.simulate, calibrated to published effect sizes. Not the output of any real model."
it0585,model-B,0.8091,0.5182,Q3,False,304,8.0,True,"SYNTHETIC DATA -- generated by judge_audit.simulate, calibrated to published effect sizes. Not the output of any real model."
it0586,model-B,0.5628,0.2863,Q2,False,212,5.0,False,"SYNTHETIC DATA -- generated by judge_audit.simulate, calibrated to published effect sizes. Not the output of any real model."
it0587,model-B,0.8084,0.6177,Q4 most ambiguous,True,372,8.0,False,"SYNTHETIC DATA -- generated by judge_audit.simulate, calibrated to published effect sizes. Not the output of any real model."
it0588,model-B,0.6112,0.5153,Q3,False,270,6.0,False,"SYNTHETIC DATA -- generated by judge_audit.simulate, calibrated to published effect sizes. Not the output of any real model."
it0589,model-B,0.5155,0.1963,Q1 clearest,True,290,5.0,False,"SYNTHETIC DATA -- generated by judge_audit.simulate, calibrated to published effect sizes. Not the output of any real model."
it0590,model-B,0.5805,0.2761,Q1 clearest,False,224,6.0,False,"SYNTHETIC DATA -- generated by judge_audit.simulate, calibrated to published effect sizes. Not the output of any real model."
it0591,model-B,0.4841,0.718,Q4 most ambiguous,False,124,5.0,False,"SYNTHETIC DATA -- generated by judge_audit.simulate, calibrated to published effect sizes. Not the output of any real model."
it0592,model-B,0.5119,0.9393,Q4 most ambiguous,False,252,5.0,False,"SYNTHETIC DATA -- generated by judge_audit.simulate, calibrated to published effect sizes. Not the output of any real model."
it0593,model-B,0.7525,0.4532,Q3,False,282,7.0,True,"SYNTHETIC DATA -- generated by judge_audit.simulate, calibrated to published effect sizes. Not the output of any real model."
it0594,model-B,0.8157,0.5366,Q3,False,304,8.0,True,"SYNTHETIC DATA -- generated by judge_audit.simulate, calibrated to published effect sizes. Not the output of any real model."
it0595,model-B,0.8031,0.4931,Q3,False,336,9.0,True,"SYNTHETIC DATA -- generated by judge_audit.simulate, calibrated to published effect sizes. Not the output of any real model."
it0596,model-B,0.7445,0.2986,Q2,False,208,8.0,True,"SYNTHETIC DATA -- generated by judge_audit.simulate, calibrated to published effect sizes. Not the output of any real model."
it0597,model-B,0.5146,0.9729,Q4 most ambiguous,False,262,5.0,False,"SYNTHETIC DATA -- generated by judge_audit.simulate, calibrated to published effect sizes. Not the output of any real model."
it0598,model-B,0.8225,0.4259,Q3,False,286,8.0,True,"SYNTHETIC DATA -- generated by judge_audit.simulate, calibrated to published effect sizes. Not the output of any real model."
it0599,model-B,0.5772,0.2117,Q1 clearest,True,388,7.0,False,"SYNTHETIC DATA -- generated by judge_audit.simulate, calibrated to published effect sizes. Not the output of any real model."
